Business Calculator Pro,Business,GK Apps,,4.2,355,0.057,"50,000",1.49
Business Card Reader Pro - Business Card Scanner,Business,ABBYY,,4.4,"5,155",39,"50,000",39.90
Business Card Reader: Card Scanner & Organizer Pro,Business,Bric APP by REDMONK Technologies,Offers in-app purchases,4.5,62,26,"1,000",19.99
CamCard - Business Card Reader,Business,INTSIG,Offers in-app purchases,4.3,"10,208",,"100,000",0.99
Cleaning Business Software,Business,Mobile Software and Games,,,,9.1,10,19.95
End 2 End Business Plan,Business,End 2 End LLC,,5.0,1,0.605,1,4.99
Lawn Care Estimator (Business),Business,SuarezFun,,3.8,13,2.1,"1,000",1.99
Calculator quotation business,Business,OneSoftMob,,4.7,87,20,500,11.99
Business Calendar Event TODO,Business,S App Fusion,,3.7,49,1.5,"1,000",1.49
My Business Contacts App,Business,Appsfordable,,3.7,6,15,50,2.99
ScanBizCards Premium,Business,ScanBiz Mobile Solutions LP,,4.1,"1,288",23,"10,000",1.99
SMALL BUSINESS ACCOUNTS SUITE,Business,Academy of Practical Accounts,Offers in-app purchases,4.5,2,18,100,169.99
Business Card Reader - CRM Pro,Business,MagneticOne Mobile,Offers in-app purchases,3.8,39,10,500,4.00
Business Name Generator Adfree,Business,Sandt Development,,2.8,5,0.263,100,0.99
Learn Business Chinese Pro,Business,Bravolol - Language Learning,,,,5.2,50,4.99
Business Prospect Manager Pro,Business,JN Appz,,3.5,6,8.3,100,1.99
Business StartUp Helper,Business,Sandt Development,,4.3,3,1.3,100,0.99
WorldCard Mobile,Business,Penpower Inc.,,3.9,578,,"10,000",6.99
Clever Business,Business,Future Design Group,,5.0,3,1.9,10,1.99
Business Law Encyclopedia PRO,Business,Top of Learning,,5.0,1,3.3,50,1.99
Business Dictionary,Business,Eros Apps,Contains Ads,5.0,1,7.3,5,0.99
Smart Online Business,Business,Thavishka Yasas Gunawardena,Contains Ads,,,18,0,4.99
Business Organizer,Business,ASPIRING USER APPS,,,,18,10,0.99
DW Contacts & Phone & Dialer,Business,DWP,,4.5,"4,160",,"10,000",9.99
business card reader-android OCR,Business,Jhammat,,,,38,1,1.99
How To Start A Local Business,Business,ED Group,,4.0,4,0.208,50,0.99
InstaLogo Logo Creator,Business,PocketSoft Kft,Offers in-app purchases,4.3,"2,178",68,"10,000",1.49
CamCard - BCR (Western),Business,INTSIG,Offers in-app purchases,4.3,"3,720",,"50,000",0.99
Business Secrets,Business,Trellisys.net,,2.8,11,19,100,2.99
Smart Proposal Business Quote,Business,Selfmade Mobile Solutions,,4.6,8,5.3,100,0.99
Business Accounts,Business,Aspiring Investments Corp,,1.0,1,11,10,0.99
Business Budget Pro,Business,ASPIRING USER APPS,,,,4.5,10,0.99
Business Ledger,Business,Aspiring Investments Corp,,2.3,3,17,100,0.99
Business Order Pro,Business,ASPIRING USER APPS,,5.0,1,3.9,1,0.99
Business Payroll,Business,ASPIRING USER APPS,,,,17,10,0.99
MobiMail for Outlook Email,Business,"Appstervan, LLC",,3.9,"1,795",24,"10,000",4.99
Logo Maker,Business,Laughingbird Software,Offers in-app purchases,3.5,746,47,"10,000",1.99
ExpenseClam expenses & mileage,Business,Owlfish,,4.6,134,2.9,"1,000",4.99
AudioBrain Business,Business,Mobile Development A&A,,5.0,2,6.6,5,0.99
Business Intelligence,Business,Mobile Solutions Worldwide,,3.0,1,1.2,10,4.99
Bajma Business Cards,Business,Asmara Software Solutions,Offers in-app purchases,5.0,3,18,10,3.99
Business Quote,Business,Aspiring Investments Corp,,2.7,6,5.6,100,0.99
OfficeSuite Pro + PDF,Business,MobiSystems,Offers in-app purchases,4.4,"76,956",35,"1,000,000",9.99
Amway Europe and Russia,Business,Amway GmbH,,4.0,"1,951",19,"50,000",0.99
Office Phone Ringtones HD,Business,RCP Tones,,4.1,652,,"10,000",1.49
GravMe Digital Business Cards.,Business,Smart ITC,,3.0,2,31,10,2.49
Business Card Storage Pro,Business,Murat Öksüzer,,5.0,2,3.1,50,3.99
Malaysia Business Cost Calc,Business,Quek Ser Leng,,2.0,1,2.6,10,1.49
Small Business Toolbox,Business,Business Research & Applications Limited,,,,2.3,0,0.99
Startup Costs,Business,Aspiring Investments Corp,,5.0,1,6.7,50,0.99
Call Center Pro CRM,Business,Can Tech Holdings LCC,,4.1,13,0.257,500,19.99
Business Invoice,Business,ASPIRING USER APPS,,,,6.4,10,1.99
MobileBiz Pro - Invoice App,Business,Mobilebiz Systems,,4.6,"1,697",3.3,"10,000",1.00
Business Secrets of Steve Jobs,Business,Exponential Mobile,,,,0.421,1,2.99
Business personal assistant,Business,Arizon,,,,1.2,5,0.99
Business commercial calculator,Business,OneSoftMob,,4.5,33,20,100,3.49
Calendar Event Reminder (CER),Business,invalidobject.com,,4.1,934,2.3,"10,000",2.79
Business Quote Pro,Business,Aspiring Investments Corp,,,,5.8,50,0.99
Business Law Exam review 1400Q,Business,Best Self Learning Apps,,,,3.9,10,2.99
Business Calculator,Business,Bitsweavers,,,,1.4,1,0.99
myBiz Mobile Business Manager,Business,Trace Width Technology Solutions LLC.,,3.7,43,0.808,500,6.99
TurboScan: scan documents and receipts in PDF,Business,Piksoft Inc.,,4.7,"11,435",6.8,"100,000",4.99
Tycoon SMB PRO - Invoice/POS,Business,Tycoon Software Technologies Pvt Ltd,,4.5,76,8.0,100,99.99
Call Notes Pro - check out who is calling,Business,Andrey Nikanorov,,4.5,"1,619",7.5,"50,000",3.99
TimeClock Connect Pro - Time Tracking & Invoicing,Business,Spotlight Six Software LLC,Offers in-app purchases,4.7,"2,112",0.941,"10,000",0.99
Project Report Dairy Farming,Business,ATT Project Report Division,,,,1.8,10,2.49
Aqua Mail Pro,Business,MobiSystems,,4.6,"9,349",0.109,"100,000",9.99
EZ MLM,Business,Scott DiSaverio,,5.0,2,8.0,5,9.99
Card Scanner Pro,Business,LineApps,,,,2.3,10,0.99
Ring Ring Ringtones,Business,XEPOSOFT,,4.1,37,0.493,"1,000",1.59
"Design template for business, Invoice & Accounting",Business,KISALAY DAS,,,,6.7,1,16.99
Customer Events & Records CRM,Business,"Siyami Apps, LLC",,4.3,148,3.1,"1,000",19.99
"Use template for Business, Invoices & Estimates",Business,KISALAY DAS,,,,6.6,1,9.99
Diversity Innovation Plan Framework,Business,Innovate Vancouver,Contains Ads,,,3.4,0,2.99
SA Group Text,Business,samapp,,4.1,170,7.7,"1,000",9.99
Consulting Tools,Business,Performance Dynamics (Aust) Pty Ltd,,5.0,4,0.184,100,2.99
Money Tracker - Expense Budget,Business,S App Fusion,,4.0,22,3.4,500,1.49
Avocado F&B POS,Business,Avocado Inc.,,4.8,51,1.3,100,17.99
iScanner - PDF Scanner App,Business,BPMobile,,4.3,"2,634",21,"10,000",4.99
Balance Book - Profit Tracker,Business,SoftMiMo LLC.,,4.3,68,2.5,"1,000",4.99
Manage Sale And Inventory,Business,Codewire Software Inc,,4.5,8,2.0,100,0.99
Easy Quotation Pro,Business,Gayatri Softwares,,3.0,3,3.9,10,4.49
Life By The Drop,Business,Life By The Drop,,5.0,2,8.4,50,2.99
Sales Tracker,Business,SoftMiMo LLC.,,3.8,21,2.4,"1,000",2.99
Office: Presentations Mobile,Business,SoftMaker Software GmbH,,3.9,189,7.1,"10,000",3.99
TabShop Point of Sale POS PRO,Business,SmartLab,Offers in-app purchases,3.9,389,7.6,"5,000",4.99
Tiny Scanner Pro: PDF Doc Scan,Business,Appxy,,4.8,"10,282",39,"100,000",4.99
Gem and Mineral Exchange,Business,Webmasterson,,,,23,1,4.99
Check Book Registers,Business,Aspiring Investments Corp,,2.0,4,27,100,1.99
DEMOGRAPHICS,Business,Jing Huang,,,,2.0,1,3.99
OWM for Outlook Email OWA,Business,WWO Development,,3.9,"2,646",0.237,"100,000",4.99
Chart Maker Pro: Bubble Chart,Business,Selfmade Mobile Solutions,,4.0,5,4.9,10,0.99
