Earth Online: Live World Webcams & Cameras Pro.,Entertainment,TmrApps,,4.7,484,2.6,"1,000",3.99
Booking Entertainment,Entertainment,BookingEntertainment.com,,1.0,1,2.8,10,0.99
hueReact,Entertainment,hallidev,,5.0,11,22,100,4.99
Talking Pato Premium,Entertainment,"Zinkia Entertainment, S.A.",,4.5,286,35,"5,000",5.49
Pocoyo Disco Premium,Entertainment,"Zinkia Entertainment, S.A.",,,,55,100,13.99
Talking Pocoyo Premium,Entertainment,"Zinkia Entertainment, S.A.",Contains Ads,4.1,"1,466",84,"10,000",7.99
Talking Pocoyo Football,Entertainment,"Zinkia Entertainment, S.A.",Contains Ads,4.1,34,,"1,000",1.99
hueSurround,Entertainment,LS&ES,,2.9,16,4.5,500,3.99
Magic Fluids,Entertainment,Mad Scientist,,4.7,"4,464",3.3,"50,000",1.49
Kung Fu Panda Stickers,Entertainment,Universal Studios Interactive Entertainment LLC,,5.0,3,11,10,1.99
Ultimate Game Guide for NES,Entertainment,Contri Code Productions,,4.6,140,94,"1,000",4.99
Hue Disco,Entertainment,MediaVibe,,4.2,"1,076",,"100,000",3.99
George Lowe Bites,Entertainment,Artix Entertainment LLC,,4.4,20,11,100,1.99
Soundstorm for Hue,Entertainment,Scott Dodson,,4.3,55,4.5,"5,000",2.99
Hue World Cup for Philips Hue,Entertainment,MediaVibe,,3.3,11,47,500,1.99
Jamaican Patois Dictionary,Entertainment,Albu Media Inc,,3.8,5,0.215,500,3.99
Everyday Witch Tarot,Entertainment,The Fool's Dog,,4.9,50,30,500,3.99
CiderTV Pro for Apple TV,Entertainment,WAYD LLC,,3.1,30,5.3,"1,000",4.99
WWEmoji™,Entertainment,"AppMoji, Inc.",Offers in-app purchases,2.8,369,66,"10,000",1.99
Dog Lingo - talk to your dog,Entertainment,Funny App Guy,,3.7,3,12,100,0.99
My Talking Pet,Entertainment,Woba Media,,4.6,"6,201",,"100,000",4.99
Ghosts PRO,Entertainment,CIBERDROIX,,4.3,"1,811",6.2,"10,000",1.49
Scanner Radio Pro - Fire and Police Scanner,Entertainment,GordonEdwards.net LLC,,4.6,"12,338",,"100,000",2.99
Ghost Radar®: LEGACY,Entertainment,Spud Pickles,Offers in-app purchases,4.2,"4,996",1.8,"100,000",0.99
Crazy Helium Video Booth,Entertainment,Appkruti Solutions LLP,Contains Ads,3.7,"4,356",27,"50,000",1.50
Paranormal Ghost EVP/EMF Radio,Entertainment,Exelerus Apps,,4.1,"3,146",,"50,000",2.99
This American Life,Entertainment,This American Life,Contains Ads,3.7,"10,175",13,"100,000",2.99
Police Scanner 5-0,Entertainment,Logicord LLC,,4.4,"4,544",6.1,"50,000",2.99
Oghamantis,Entertainment,Rob Henderson,,5.0,7,4.8,100,0.99
AllCast Premium,Entertainment,ClockworkMod,,4.0,"22,101",0.078,"500,000",4.99
UltraSound Spoof,Entertainment,Ciskro Apps,,3.9,35,3.8,"10,000",0.99
Hue Christmas for Philips Hue,Entertainment,MediaVibe,Offers in-app purchases,3.5,142,,"10,000",1.99
BBC Colouring: Doctor Who,Entertainment,BBC Worldwide (Ltd),,3.9,69,54,"1,000",1.99
Hangman for Kids,Entertainment,AR Entertainment,,3.8,23,12,"1,000",1.99
PCGen Character Importer,Entertainment,Dysfunctional Apps,,4.1,69,4.3,"1,000",0.99
R6 Companion,Entertainment,Jeeva Kalaiselvam,,4.9,74,64,500,0.99
Ellen's Emoji Exploji,Entertainment,Warner Bros. International Enterprises,,3.1,59,13,"1,000",0.99
Fantastic Beasts VR Experience,Entertainment,Warner Bros. International Enterprises,,3.8,6,19,500,4.99
IT: Escape from Pennywise Cardboard,Entertainment,Warner Bros. International Enterprises,,3.4,46,28,"1,000",0.99
EasyCloud for WD My Cloud,Entertainment,Easy Cloud Studios,,1.8,52,35,"5,000",1.99
Latin Chords (LaCuerda PRO),Entertainment,LaCuerda,,4.2,"2,544",9.5,"50,000",2.99
IT: Escape from Pennywise VR,Entertainment,Warner Bros. International Enterprises,,3.6,25,96,"1,000",0.99
Little Builders,Entertainment,Fox & Sheep,,4.0,327,15,"10,000",2.99
SWGOH Planner,Entertainment,UnicornApps,,4.7,44,14,100,0.99
Ghost Camera Radar Pro,Entertainment,Doctor Mad,,1.6,14,25,"1,000",1.49
HeroClix Manager,Entertainment,IndomitableSoft,,4.5,400,18,"1,000",0.99
Brain | iKon | Xbar | TracX,Entertainment,MSH Electronics S.r.l.,,4.6,190,33,"1,000",6.99
Simple Points Tracker Plus - Star Realms counter,Entertainment,Dr. Ive,,4.9,28,16,100,0.99
Star Wars™ Dice,Entertainment,Fantasy Flight Games,,4.5,872,27,"10,000",4.99
iSpy Cameras,Entertainment,SKJM LLC,,4.4,"1,102",0.308,"10,000",0.99
TAVARA FLIX,Entertainment,TAVARATV INC.,,3.1,98,81,"10,000",4.99
DachMoji: Dachshund Emojis & Stickers,Entertainment,LumEnrich Inc.,,3.8,23,15,"1,000",2.99
PRISMA ILLYA ALARM,Entertainment,"Monstar Lab, Inc.",Offers in-app purchases,4.8,332,69,"1,000",7.99
Ombi,Entertainment,TidusJar,Offers in-app purchases,3.8,29,23,"1,000",0.99
AaPrettyWoman™ KoreanFlipfont,Entertainment,Monotype Imaging Inc.,,3.1,52,0.883,"1,000",2.99
Meme Generator,Entertainment,ZomboDroid Software,,4.6,"3,768",53,"100,000",2.99
Cmoar Roller Coaster VR,Entertainment,Cmoar,,4.3,528,15,"10,000",1.99
Ryze/ Dji Tello Scripts manager,Entertainment,Defillo,,4.0,7,1.1,100,1.99
ARIMOJI by Ariana Grande,Entertainment,"BKSTG, Inc.",,4.6,"1,193",5.7,"10,000",1.99
Thunderstorm for Hue,Entertainment,Scott Dodson,,4.5,91,91,"10,000",2.99
Cleverbot,Entertainment,Icogno Ltd,Offers in-app purchases,3.4,"4,045",16,"100,000",0.99
Embiggen Plus,Entertainment,Pointless Software,,4.5,96,1.6,"1,000",0.99
Gun Movie FX,Entertainment,Outerspacious Software,,3.3,309,24,"1,000",4.99
Reflector 2,Entertainment,Squirrels LLC,,2.2,237,28,"10,000",6.99
Elite Dangerous TradePad Pro,Entertainment,Phantomapps,,4.3,257,4.6,"5,000",1.99
MuvaMoji - By Amber Rose,Entertainment,"AppMoji, Inc.",,3.2,561,31,"10,000",1.99
Television Classics,Entertainment,VideoServices,,4.9,12,0.254,500,1.49
Face Swap Live,Entertainment,Laan Labs,Contains Ads,3.6,624,67,"10,000",0.99
Broadcastify Pro,Entertainment,RadioReference.com LLC,,3.7,144,11,"10,000",2.49
Flowpaper,Entertainment,Diatom Studio,,4.3,463,4.1,"10,000",1.99
Ghostcom Communicator Pro,Entertainment,Big Boris Studios,,4.4,"1,038",34,"10,000",1.99
Chibi avatar,Entertainment,Chibig,,3.8,441,14,"10,000",0.99
iR XBOX 360 Remote,Entertainment,newdroid,,4.0,307,1.4,"5,000",2.99
WenMoji By Wendy Williams,Entertainment,Wendy Williams Digital,,4.2,227,33,"1,000",1.99
Druid Oracle Cards,Entertainment,The Fool's Dog,,4.9,377,29,"1,000",4.99
Magic Trick #6: Finest Objects Apparition!,Entertainment,Mikael Montier,,4.0,305,23,"5,000",6.99
Pony Style Box,Entertainment,Fox & Sheep,,4.7,39,14,"1,000",2.99
FacestarApp,Entertainment,Visionborne Inc.,,3.1,226,11,"5,000",2.99
Beardify - Beard Photo Booth,Entertainment,Apptly LLC,Offers in-app purchases,3.5,60,48,"1,000",0.99
AaLoafAround™ Korean Flipfont,Entertainment,Monotype Imaging Inc.,,3.8,124,0.862,"1,000",2.99
Black Stories - Full,Entertainment,SPECTECH,,4.4,297,9.6,"10,000",1.49
The Three Little Pigs,Entertainment,Irene Deev,,4.6,284,99,"10,000",2.99
Human-to-Cat Translator Deluxe,Entertainment,Electric French Fries,,3.8,357,14,"10,000",0.99
SwiftKit Mobile for RuneScape,Entertainment,Bluelight Dev,,4.6,"1,275",4.1,"10,000",1.99
EMF Ghost Detector PRO,Entertainment,SnowPack Studios,,3.8,17,14,100,2.49
Concert lighter flame,Entertainment,SYNED,,4.3,6,0.783,500,0.99
ESO Hireling,Entertainment,DevanTheDude,,3.6,332,45,"5,000",0.99
iCrit,Entertainment,Paizo Inc.,,4.4,115,4.1,"1,000",1.99
Magic card in mobile,Entertainment,Shargon,,4.0,498,4.4,"10,000",3.49
Radiolab,Entertainment,New York Public Radio,Contains Ads,2.7,930,,"10,000",2.99
