"Health and Wellness Fitness Utilities - Workouts,.",Health & Fitness,DigiGalaxy.net,,4.0,4,11,100,2.99
Mob Fitness : Healthy and Fitness App,Health & Fitness,FIMH,,,,11,0,0.99
Fitness And Health,Health & Fitness,KMA for freedom,Contains Ads,,,18,0,2.49
Health and Fitness Lists,Health & Fitness,Reference Geek Apps,,3.0,1,7.4,10,0.99
A TOTAL HEALTH & WELLNESS....,Health & Fitness,"Mobifusion, Inc",,,,6.1,0,9.99
"Runtastic PRO Running, Fitness",Health & Fitness,Runtastic,Offers in-app purchases,4.5,"212,909",,"1,000,000",4.99
Brigitte Fitness Health Yoga,Health & Fitness,upmc mobile,,3.4,15,22,100,4.99
30 Day Fitness Challenge Pro,Health & Fitness,Leap Fitness Group,,4.7,"1,679",16,"10,000",2.99
Instant Heart Rate+ : Heart Rate & Pulse Monitor,Health & Fitness,Azumio Inc.,Offers in-app purchases,4.3,"16,393",37,"100,000",2.99
iMuscle 2,Health & Fitness,"3D4Medical.com, LLC",,4.1,"2,440",47,"50,000",1.99
Guru Mann Fitness,Health & Fitness,Guru Mann,,4.7,"1,450",20,"10,000",2.99
Desk Job - Office Health,Health & Fitness,Space Wolf,,4.1,14,9.1,100,0.99
Runtastic Road Bike PRO,Health & Fitness,Runtastic,,4.3,"17,134",38,"100,000",4.99
My Diet Coach - Pro,Health & Fitness,InspiredApps (A.L) LTD,,4.6,"20,343",,"100,000",11.99
Health Tracker & Manager App,Health & Fitness,XLabz Technologies Pvt Ltd,,3.0,3,3.6,100,1.99
Shoulder & Arm Fitness Pro,Health & Fitness,Daily Fitness Yoga Exercise Apps,,5.0,1,10,5,0.99
Situps Fitness Workout,Health & Fitness,ZAAX Consulting PLC,,,,8.1,10,0.99
Bodyweight Fitness Pro,Health & Fitness,Damian Mazurkiewicz,,4.8,649,54,"5,000",2.49
DNA Health Tracker Pro,Health & Fitness,BioStatus Health,,3.9,16,9.6,100,3.99
Fitness trainer PRO,Health & Fitness,DSN Inc.,,,,41,10,3.99
Daily Workouts,Health & Fitness,"Daily Workout Apps, LLC",,4.6,"5,550",,"50,000",9.99
Eye Trainer Pro All Exercises,Health & Fitness,Vozye Pty Ltd,,4.5,373,4.2,"5,000",2.49
Squats Fitness Workout,Health & Fitness,ZAAX Consulting PLC,,,,4.4,10,0.99
Pushups Fitness Workout,Health & Fitness,ZAAX Consulting PLC,,3.0,1,14,10,0.99
Fitness Flow,Health & Fitness,Skimble Inc.,,4.4,331,9.2,"5,000",3.99
12 Minute Athlete HIIT Workout,Health & Fitness,12 Minute Athlete,Offers in-app purchases,4.3,233,2.5,"10,000",2.99
7 Minute Workout Pro,Health & Fitness,Simple Design Ltd.,,4.6,"2,361",,"10,000",2.99
7 Minute Superhero Workout,Health & Fitness,Six to Start,,4.0,409,27,"10,000",2.99
You Are Your Own Gym by Mark Lauren,Health & Fitness,Leafcutter Studios,,4.6,"3,592",,"100,000",4.99
Home Workouts Gym Pro (No ad),Health & Fitness,Hazard Studio,,4.5,4,4.0,10,2.59
Home Workout Fitness with Offline videos to GetFit,Health & Fitness,Creative Fitness,,5.0,1,54,100,0.99
5 Minute Workout Premium (Fitness in 5 Minute),Health & Fitness,Orchid Tech Lab,,,,2.5,1,1.99
SyncMyTracks,Health & Fitness,SyncMyTracks,,4.2,"1,904",6.0,"10,000",3.49
Adrian James 6 Pack Abs Workout,Health & Fitness,Adrian James Nutrition Ltd.,,4.8,106,49,"5,000",3.49
Stay Fit India,Health & Fitness,Prakash Patil,,,,12,0,189.99
7 Minute Workout Challenge,Health & Fitness,Fitness Guide Inc.,Offers in-app purchases,4.4,"4,387",48,"100,000",3.49
Cardio Fitness Pro: Daily Cardio to Keep you Fit,Health & Fitness,Daily Fitness Yoga Exercise Apps,,3.0,2,11,50,0.99
Spartan Six Pack Abs Workouts & Exercises PRO,Health & Fitness,Diamond App Group LLC,Offers in-app purchases,4.6,598,11,"10,000",3.99
Dumbbell Fitness Training Pro - Strength Exercises,Health & Fitness,Daily Fitness Yoga Exercise Apps,,4.4,35,22,"1,000",0.99
Daily Yoga - Morning Exercise 2,Health & Fitness,Vyacheslav Shishakin,,3.4,16,0.696,"10,000",0.99
"My Macros+ | Diet, Calories & Macro Tracker",Health & Fitness,Jason Loewy,Offers in-app purchases,4.3,"1,699",13,"10,000",2.99
Women’s Health 15-Min-Workouts,Health & Fitness,Motor Presse Stuttgart GmbH & Co. KG CBD,Contains Ads,3.9,62,32,"5,000",1.49
Medical Workout,Health & Fitness,TooJooGoo,,,,22,1,2.49
Gorilla Workout: Build Muscle & Lose Weight Easily,Health & Fitness,Heckr LLC,Offers in-app purchases,4.4,"1,448",86,"10,000",0.99
Mens Health Best,Health & Fitness,BestTips4you,,,,18,10,94.99
Fitness Calculators,Health & Fitness,Darren Gates,,3.0,9,0.097,100,0.99
10K Running Trainer Pro,Health & Fitness,Zen Labs Fitness,Offers in-app purchases,4.5,792,37,"10,000",3.99
Home Workout MMA Spartan Pro,Health & Fitness,Diamond App Group LLC,Offers in-app purchases,4.7,"4,731",24,"50,000",3.49
Couch to 5K®,Health & Fitness,"ACTIVE Network, LLC",Contains Ads,4.6,"11,871",,"100,000",2.99
Rapid Fitness - Total Workout,Health & Fitness,WJ Developers,,4.8,14,55,100,3.99
Core Fitness Pro,Health & Fitness,Daily Fitness Yoga Exercise Apps,Contains Ads,3.7,11,9.3,100,0.99
Gym Mentor Pro,Health & Fitness,Duel Digital,,4.2,"1,229",5.7,"50,000",0.99
Pocket Workouts Champion,Health & Fitness,DAREBEE,,4.3,"1,061",30,"10,000",0.99
Swim Workouts To Go,Health & Fitness,"Charles River Aquatics, Inc",,4.2,11,11,100,3.99
Ladies' Butt Workout,Health & Fitness,DoMobile Health,,3.8,11,9.0,500,1.99
Workout for Pebble,Health & Fitness,Blukz,,4.1,106,1.1,"1,000",1.31
Just 6 Weeks,Health & Fitness,Heavyraid,,4.7,"16,394",,"100,000",1.99
Water Drink Reminder Pro,Health & Fitness,Leap Fitness Group,,4.6,"2,216",,"10,000",1.99
Gymster Pro - Weight Lifting Log & Healthy Recipes,Health & Fitness,Gymster,,4.7,98,76,"1,000",0.99
PostureScreen Mobile,Health & Fitness,"PostureCo, Inc.",Offers in-app purchases,4.3,556,17,"5,000",19.99
Runtastic Heart Rate PRO,Health & Fitness,Runtastic,,4.5,"13,990",,"100,000",1.99
7 Minute Workout PRO,Health & Fitness,arata1972 Inc.,,3.8,129,52,"1,000",2.99
Progression Pro Unlocker,Health & Fitness,Zoltan Demant,,4.6,119,0.428,"1,000",5.49
Gym Workout Programs Pro,Health & Fitness,Healthy Body Apps,,4.3,125,26,"1,000",2.49
Perfect Body Building Plan Pro,Health & Fitness,Bodybuilding-Apps.com,,4.5,272,11,"5,000",3.40
Pregnancy Workouts by Power 20,Health & Fitness,Power 20,,4.3,210,8.4,"1,000",2.99
C25K® - 5K Running Trainer Pro,Health & Fitness,Zen Labs Fitness,Offers in-app purchases,4.5,"3,293",37,"50,000",2.99
Yoga to Men's Health HD,Health & Fitness,ssafitness,,,,45,10,2.99
Half Marathon Trainer 13.1 21K,Health & Fitness,Zen Labs Fitness,Offers in-app purchases,4.4,547,37,"10,000",4.99
Navy SEAL Exercises Stew Smith,Health & Fitness,"Shred Apps, LLC",Offers in-app purchases,3.9,217,53,"5,000",1.99
Runtastic Squats Workout PRO,Health & Fitness,Runtastic,,4.6,"8,800",17,"100,000",1.99
20 Minute Beginners Workout,Health & Fitness,Power 20,,4.6,58,8.4,500,2.99
MMA Spartan System Workouts & Exercises Pro,Health & Fitness,Diamond App Group LLC,Offers in-app purchases,4.7,"3,363",46,"50,000",3.49
Ladies' Arm Workout,Health & Fitness,DoMobile Health,,3.5,2,8.6,100,1.99
Home Workout Coach - EasyFit Pro,Health & Fitness,Mario Hanna,,4.7,3,8.3,50,6.99
7 Minute Workouts PRO,Health & Fitness,Diamond App Group LLC,Offers in-app purchases,4.7,535,28,"10,000",3.99
Fitness Test pro,Health & Fitness,Healthy ApS,,4.0,67,11,"1,000",3.00
Abs workout PRO,Health & Fitness,Caynax,,4.6,"2,716",8.9,"10,000",5.49
Ladies' Waist Workout,Health & Fitness,DoMobile Health,,3.7,3,9.9,100,1.99
Dream Body Workout Plan Pro,Health & Fitness,Workout Routines,,4.5,176,16,"5,000",3.74
WRAP – Wellness Recovery Plan,Health & Fitness,"Advocates for Human Potential, Inc.",,3.9,80,8.3,"1,000",4.99
Runtastic Push-Ups Workout PRO,Health & Fitness,Runtastic,,4.6,"25,061",17,"100,000",1.99
Runtastic Pull-ups Workout PRO,Health & Fitness,Runtastic,,4.4,"3,437",17,"100,000",1.99
Tools & Mi Band,Health & Fitness,Tools & Wearables Ltd.,,4.4,"15,732",13,"100,000",3.49
Ref. Guide for Essential Oils,Health & Fitness,Abundant Health LLC,,4.5,931,10,"50,000",6.99
Dumbbell Exercises Pro,Health & Fitness,BitLab,,4.0,6,10,100,0.99
WOG GYM-Exercises and Routines,Health & Fitness,HikeTech LABS,,4.4,30,35,100,2.99
Health Calculator Tablet,Health & Fitness,Sparkle Solutions,,,,0.047,10,0.99
Ultimate Food Value Diary - Diet & Weight Tracker,Health & Fitness,Fenlander Software Solutions Ltd,Offers in-app purchases,4.6,"4,144",13,"50,000",2.99
Ladies' Chest Workout,Health & Fitness,DoMobile Health,,5.0,1,7.1,100,1.99
Runtastic Sit-ups & Abs PRO,Health & Fitness,Runtastic,,4.4,"15,171",17,"100,000",1.99
ithlete -Train.Recover.Perform,Health & Fitness,HRV Fit Ltd.,,3.6,280,11,"5,000",8.99
The Wonder Weeks,Health & Fitness,Domus Technica,Offers in-app purchases,4.5,"5,824",19,"500,000",2.99
HRV4Training,Health & Fitness,A.S.M.A. B.V.,,4.4,294,5.4,"5,000",9.99
Ladies' Back Workout,Health & Fitness,DoMobile Health,,4.0,5,9.2,100,1.99
Virtual Gastric Band Hypnosis,Health & Fitness,The Happy Apps Company Ltd,,4.3,381,,"10,000",8.49
GellyGym,Health & Fitness,GellyGym,,5.0,1,21,1,0.99
Hydro Coach PRO - drink water,Health & Fitness,Codium App Ideas,Offers in-app purchases,4.6,"7,809",19,"10,000",5.99
Runtastic Mountain Bike PRO,Health & Fitness,Runtastic,,4.4,"16,371",38,"100,000",4.99
Stretch Fitness Pro Exercises,Health & Fitness,Daily Fitness Yoga Exercise Apps,,3.9,11,11,100,0.99
Fitness Check-up Pro,Health & Fitness,Funky Kids on the Bike,,4.4,70,36,500,1.99
One click to health PRO,Health & Fitness,Virtual Personal Trainer,,3.1,102,0.653,"10,000",1.49
Absolute Fitness Remastered (Full version),Health & Fitness,Dario Radečić,,5.0,2,22,10,1.99
Men Health Power,Health & Fitness,BestTips4you,,,,18,10,89.99
Accupedo-Pro Pedometer - Step Counter,Health & Fitness,Corusen LLC,,4.1,"2,513",,"10,000",3.99
20/20 Diet For Your Life,Health & Fitness,VICTO IDEAS Health & Fitness Lab,,4.4,7,2.6,100,1.99
HIIT - interval workout PRO,Health & Fitness,Caynax,,4.4,543,6.6,"10,000",5.49
Belly Off,Health & Fitness,BestTips4you,,,,17,10,94.99
VR Run For Treadmill,Health & Fitness,MoveVR,,4.9,36,68,100,2.99
cronometer (ad free),Health & Fitness,Cronometer Software Inc.,Offers in-app purchases,3.9,"1,075",8.3,"50,000",2.99
The Official 4-Hour Body App,Health & Fitness,Parsida AB,,4.2,326,14,"5,000",4.95
New Mom Workout,Health & Fitness,Power 20,,4.5,18,8.4,100,2.99
15 Minute Workout,Health & Fitness,KAMPAPP,,3.6,108,7.5,"10,000",3.99
Eye Fitness Workout Training,Health & Fitness,Jan Essig: Educational Apps & Silly Games,,,,38,10,1.99
Simply Yoga,Health & Fitness,"Daily Workout Apps, LLC",,4.6,520,,"10,000",4.99
VitaPulse - Heart Rate Monitor,Health & Fitness,Black Dream,Offers in-app purchases,3.8,126,11,"1,000",2.99
KetoDiet Basic,Health & Fitness,Compumaster Ltd,Offers in-app purchases,4.0,382,12,"10,000",1.99
JZ Fitness Nutrition,Health & Fitness,"Jennifer Zerling, LLC",,4.0,3,16,50,2.99
Fitness Legs - Butt and Hips Workouts - Fit Legs,Health & Fitness,FPower Mode,,,,30,0,8.49
Starting Strength Official,Health & Fitness,Shabu Pty Ltd,,4.7,"1,606",69,"10,000",8.99
Marathon Trainer - 26.2 42K,Health & Fitness,Zen Labs Fitness,Offers in-app purchases,4.4,235,37,"5,000",4.99
Stop Smoking - EasyQuit Pro,Health & Fitness,Mario Hanna,,4.7,417,4.0,"1,000",3.49
StrongMom,Health & Fitness,Strong Mom App Development AB,,5.0,6,6.0,100,3.75
Women´s Home Fitness Pro,Health & Fitness,Healthy Body Apps,,4.7,36,6.9,500,2.49
Diabetes Fitness Pro,Health & Fitness,Ankit Chauhan,,3.7,3,8.8,10,0.99
"MIND CONTROL, HEALTH AND YOGA",Health & Fitness,Shivshankar Sangale,Contains Ads,4.7,15,3.9,10,0.99
Munch Micro,Health & Fitness,Orbost,,,,60,0,1.49
FitTap Champion by DAREBEE,Health & Fitness,DAREBEE,,4.9,123,14,"1,000",0.99
DNA Fitness Tracker Pro,Health & Fitness,BioStatus Health,,4.3,6,9.3,100,3.99
Fit Mummy Project,Health & Fitness,Fit Mummy Project Pty Ltd,,5.0,9,14,100,11.99
Eyes and Face Exercises,Health & Fitness,IntelliPro,,5.0,1,4.8,50,0.99
Health Big Book,Health & Fitness,BestTips4you,,,,18,10,94.99
Munch Mini,Health & Fitness,Orbost,,,,29,0,2.99
30 Day Posture Makeover,Health & Fitness,Power of Posture,,4.5,11,38,500,5.99
Being Healthy Pro: Health Tips,Health & Fitness,Redsoftek Solutions,,5.0,1,3.9,1,0.99
Cycling Workout Interval Cues,Health & Fitness,"Innetic, Inc",,4.1,14,4.4,100,1.99
WomanLog Pro Calendar,Health & Fitness,Pro Active App,,4.7,"17,698",15,"100,000",3.49
Scientific 7 Min Workout Pro,Health & Fitness,App For Best,,4.5,20,9.8,100,1.99
Mi Heart Fitness,Health & Fitness,Erik Mobile Inc,,,,9.0,50,0.99
HealthLog,Health & Fitness,GalleryApp,,4.5,33,6.2,"1,000",0.99
Fitness Cardio - Fat Burning Workouts - Lose Fat,Health & Fitness,FPower Mode,,,,38,1,8.49
Aqualert Premium: Water Tracker Intake & Reminder,Health & Fitness,Cynan Rhodes,,4.5,"3,013",,"50,000",2.99
Random Workout Generator Pro,Health & Fitness,"Cook Applications - Workouts, Health and Utility",,4.5,2,7.7,50,0.99
Shape Up Pro - Fitness,Health & Fitness,Sanvada LLC,,5.0,9,15,50,2.99
Butt & Legs Workouts Pro,Health & Fitness,Diamond App Group LLC,Offers in-app purchases,4.8,35,12,500,1.99
Absolute Fitness: Gym Workout (Pro Version),Health & Fitness,Dario Radečić,,,,25,10,1.49
StressLocator Pro,Health & Fitness,"Happy Electronics, s.r.o.",,4.1,92,5.2,"1,000",1.99
Health Power,Health & Fitness,BestTips4you,,,,18,10,94.99
Get Running,Health & Fitness,Splendid Things,,4.7,440,11,"10,000",2.99
Bluelight Filter Pro - Night Mode,Health & Fitness,Leap Fitness Group,,4.7,70,6.5,"1,000",2.99
YAOGIKA HEALTH & NATURALS,Health & Fitness,Omar Torotoro Parcon,,,,1.9,1,1.99
Gym Exercises And Workouts,Health & Fitness,JoZe,,5.0,2,2.4,0,0.99
Special Yoga,Health & Fitness,ssafitness,,4.2,10,57,100,5.99
Wellness Coach,Health & Fitness,Enrico Solimeo,,,,0.068,5,0.99
Ablab,Health & Fitness,ablab llc,,3.6,165,13,"10,000",4.99
"Healthy Food, Allergens, GMO",Health & Fitness,NxtNutrio - Fuat kerkinni,,2.6,25,2.4,"1,000",2.99
Pocket Yoga,Health & Fitness,"Rainfrog, LLC",Offers in-app purchases,4.4,"2,106",,"100,000",2.99
Nutritionist-Dieting made easy,Health & Fitness,Outlier,,4.0,350,47,"10,000",3.99
Body Fit,Health & Fitness,Trellisys.net,,,,24,10,1.99
Ballet Elasticity,Health & Fitness,Early Innovation and Technology,,4.5,26,8.3,"1,000",1.99
Weight Tracker Pro - BMI TDEE,Health & Fitness,Zen Labs Fitness,,3.9,85,7.9,"1,000",1.99
Rawtarian's Raw Recipes,Health & Fitness,Brightflock Inc.,,4.4,74,14,"1,000",2.49
Yoga for Weight Loss,Health & Fitness,Saagara,,4.5,23,31,"1,000",2.99
Learn To Run (No ADS),Health & Fitness,foco00,,4.5,108,3.9,"1,000",4.49
100 Tage Training ohne Geräte,Health & Fitness,Motor Presse Stuttgart GmbH & Co. KG CBD,Contains Ads,3.4,67,41,"5,000",1.49
Caveman Feast - Paleo recipes,Health & Fitness,Fat-Burning Man,,4.1,344,47,"5,000",2.99
Weight Loss Diet And Workout,Health & Fitness,Izyc Barber,,,,1.6,1,0.99
Body Fitness Pro,Health & Fitness,FitnessProb,,,,19,1,4.99
Daily Workout Pro Weight Loss Exercises Flat Belly,Health & Fitness,Techionics,,,,7.9,10,4.74
Pregnacise Pregnancy Exercise,Health & Fitness,Hungrydog Media Ltd,Contains Ads,,,5.9,10,2.12
17 Day Diet,Health & Fitness,Healthy. Happy. Smart.,,3.4,39,18,"1,000",2.99
Custom 7 Minute Workout Pro,Health & Fitness,App For Best,,,,2.4,1,1.99
RA-Fit:Your Complete Fitness App & Fitness Tracker,Health & Fitness,RAFIT Club,,4.8,11,11,100,2.99
My Healthy Eating,Health & Fitness,Danette Peterson,,5.0,2,20,10,1.99
Enjoy Exercise Pro - Workout Motivation,Health & Fitness,Surf City Apps,,4.4,9,52,500,3.99
See How You Eat 80/20 Coach,Health & Fitness,Health Revolution Ltd,,4.2,35,8.4,"1,000",7.99
fitness trainer Tone Your Bod,Health & Fitness,Fuzzy Visions,,,,46,1,0.99
OrtoMedSport,Health & Fitness,OrtoMedSport,,4.8,4,57,100,1.99
Bikini Fit: beach body fitness,Health & Fitness,Trellisys.net,,,,36,10,1.99
Relaxing Workout,Health & Fitness,serenity,,,,34,10,2.01
Fitness pro,Health & Fitness,Android Imperial Technology,,,,2.2,0,0.99
FitSync® Premium,Health & Fitness,FitSync Corp.,,3.8,76,0.134,"1,000",4.99
Neck and Shoulders Exercises,Health & Fitness,IntelliPro,,3.0,3,7.3,50,0.99
FitnessPro,Health & Fitness,SunnyWorld,,5.0,2,3.5,1,2.49
SweetBeat HRV,Health & Fitness,SweetWater Health LLC,,2.2,32,0.224,500,4.99
Heart Rate OS2 Pro Key,Health & Fitness,LFApp,,3.6,118,1.1,"1,000",1.99
Steps Counter Pedometer Pro,Health & Fitness,Art Lab,,,,4.5,50,0.99
ChronoBurn: Real-Time Counter,Health & Fitness,André Cancian,,4.4,88,1.8,"1,000",1.99
Fitbounds Squats PRO Workout Counter Fit Tracker,Health & Fitness,Fitbounds (haftungsbeschraenkt),,5.0,1,9.6,5,1.99
Ladies' Ab Workout,Health & Fitness,DoMobile Health,,4.5,8,8.5,100,1.99
ByeBelly Pro,Health & Fitness,AppsGit Inc,,,,4.6,1,1.49
KetoDiet,Health & Fitness,Compumaster Ltd,Offers in-app purchases,3.1,147,12,"5,000",6.99
DNA Nutrition Tracker Pro,Health & Fitness,BioStatus Health,,4.4,5,8.6,500,3.99
FITcalc,Health & Fitness,"Klick Twice Technologies, Inc",,,,9.0,1,1.99
Spartacus Workout,Health & Fitness,OhTee Media,,3.5,19,0.698,"1,000",0.99
Body Composition Monitor (Pro),Health & Fitness,Dave Wakley,,4.9,7,0.839,100,1.63
PlayCoach™ Fitness Be Fit,Health & Fitness,Playcorp,,1.0,1,6.4,50,3.79
Water Drink Reminder - Hydro+,Health & Fitness,Freshware,Contains Ads,4.6,507,10,"1,000",2.99
MyBites - Weight Watchers Nutrition Point Tracker,Health & Fitness,Cloforce LLC,,4.0,21,11,"1,000",4.99
Yoga daily fitness - Poses & Classes PRO,Health & Fitness,Jappli,,,,8.9,10,2.99
Jason’s 5-Day Juice Challenge,Health & Fitness,Juice Master,,4.2,192,18,"10,000",3.99
Yoga for women stretching prem,Health & Fitness,NAMASTE,,,,17,10,1.64
WaterCheck Water for health,Health & Fitness,Logomotiv LLC,,3.5,8,2.8,100,0.99
Spartan Female MMA Workouts Pro,Health & Fitness,Diamond App Group LLC,Offers in-app purchases,3.2,5,16,100,3.99
The Complete 5:2 Diet,Health & Fitness,Trellisys.net,,2.5,31,7.6,"1,000",2.99
Pilates PRO,Health & Fitness,DSN Inc.,,4.2,83,48,"1,000",9.99
iCountTimer Pro,Health & Fitness,RhythmicWorks,,4.6,111,,"1,000",4.99
Bikini Body,Health & Fitness,Healthy Body Apps,Contains Ads,3.5,60,0.728,"1,000",2.49
Lose Weight - Andrew Johnson,Health & Fitness,HiveBrain Software,,4.1,427,,"10,000",2.99
The Fast Metabolism Diet,Health & Fitness,Penguin Random House LLC,,3.2,214,12,"10,000",2.99
21 Day Slimple - The Easy Fix!,Health & Fitness,"The Modern Pen and Paper Company, LLC",,4.4,419,3.9,"10,000",0.99
Women's Health - 100 Tage Training ohne Geräte,Health & Fitness,Motor Presse Stuttgart GmbH & Co. KG CBD,,3.3,37,26,"1,000",1.49
Keto Diet - Low Carb High Fat,Health & Fitness,VICTO IDEAS Health & Fitness Lab,,1.0,1,2.8,50,1.99
Short Spartan Summer Workouts,Health & Fitness,Diamond App Group LLC,,4.8,57,16,500,3.49
My Fitness Diaries,Health & Fitness,My Fitness Diaries,,,,6.7,1,0.99
Kettlebell Workouts Pro,Health & Fitness,"Cook Applications - Workouts, Health and Utility",,3.5,2,3.8,50,0.99
"Bad, Better, Best",Health & Fitness,Bad Better Best Food Choices,,4.4,9,38,100,1.06
Hal Higdon's 1/2 Marathon - N1,Health & Fitness,"Bluefin Software, LLC",,2.1,24,4.7,"1,000",9.99
Period Calendar Pro,Health & Fitness,Simple Design Ltd.,,4.6,602,8.0,"1,000",4.99
Woman diary PRO,Health & Fitness,DSN Inc.,,4.5,893,22,"5,000",2.99
Fitness at Home PRO,Health & Fitness,Sebastian Steer,,4.9,7,18,100,2.99
7 Days home workout,Health & Fitness,Basile Sountia,,5.0,2,5.9,1,1.49
MyFLO Period Tracker,Health & Fitness,FLO Living LLC,,3.0,359,49,"10,000",1.99
Essential Oils Reference Guide for doTERRA,Health & Fitness,Cloforce LLC,,4.3,112,28,"1,000",6.99
Laura Hamilton Workout,Health & Fitness,Hungrydog Media Ltd,,,,5.5,100,3.49
Women's Health - Schlanke Beine in 8 Wochen,Health & Fitness,Motor Presse Stuttgart GmbH & Co. KG CBD,,3.5,2,40,500,1.49
Eating Healthy HNF,Health & Fitness,4MeLife,,,,9.0,0,0.99
