Find it! Road Trip Game For All Ages - Travel Game,Travel & Local,Snydertech,,4.3,10,39,"1,000",0.99
Military Space-A Flights,Travel & Local,Standout Apps,,3.5,6,1.6,100,2.99
MyJourneys: Travel Logger & Tracker,Travel & Local,RedQuip,,4.3,32,61,"1,000",0.99
City Maps 2Go Pro Offline Maps,Travel & Local,Ulmon GmbH,Offers in-app purchases,4.3,"5,422",58,"50,000",8.99
Travel Budget & Event Journal,Travel & Local,"Siyami Apps, LLC",,4.2,6,3.2,100,0.99
Cruise Trip Planner,Travel & Local,Jimbl,Offers in-app purchases,4.8,39,1.5,"1,000",0.99
MilSpaceA,Travel & Local,Take-a-Hop,,4.4,121,1.1,"5,000",6.99
Bohol Travel GUIDE - Discover Bohol & Panglao,Travel & Local,Philippine Apps,,4.9,15,74,100,2.99
Travel unlimeted,Travel & Local,Coleman Graham,Contains Ads,,,19,0,1.99
You In Athens - The Cultural Athens Travel Guide,Travel & Local,TMC - Athens Travel Guide - You In Athens,,,,17,0,7.49
World Travel Guide Offline,Travel & Local,"Tom's Apps, LLC",,3.7,18,12,100,2.99
Travel Planner,Travel & Local,Jimbl,Offers in-app purchases,4.5,49,1.5,"1,000",0.99
Guide2Sarajevo - Sarajevo Audio Travel Guide,Travel & Local,Guide2Sarajevo.com,,4.8,77,93,"5,000",3.99
Real English Travel,Travel & Local,DS&T_Modern English Studio,,4.6,5,49,100,0.99
Travel Interpreter Phrasebook,Travel & Local,Jourist Verlags GmbH,,4.1,489,8.3,"10,000",9.99
TravelSafe Pro,Travel & Local,Boalogik,,3.5,36,12,"1,000",0.99
Rome Travel Guide – mTrip,Travel & Local,mTrip apps,,3.9,66,42,"1,000",2.99
Traveling In Alanya,Travel & Local,Traveling In,,,,24,10,0.99
Travel Essentials,Travel & Local,Duyfken Tech,,5.0,4,7.0,5,0.99
USA Travel Guide,Travel & Local,Travel Guides,,5.0,2,30,100,0.99
Travel in Chinese Pro,Travel & Local,AbuChinese,,,,5.6,10,1.29
Instant Travel,Travel & Local,"DocsNow,Inc",,5.0,2,19,5,2.99
London Travel Pro - Bus & Tube,Travel & Local,RouteMaster,,3.9,"1,437",2.4,"10,000",2.49
rundbligg USA Travel Guide,Travel & Local,Dr. Martin Raack,,,,,1,2.99
The Travel Safe Learning App,Travel & Local,eTravelSafety,,,,17,0,3.99
rundbligg GERMANY Travel Guide,Travel & Local,Dr. Martin Raack,,4.0,1,,5,2.99
Travel Games,Travel & Local,Liquid Dragon Studios,,3.6,15,2.2,100,1.99
Hiroglif - The Ultimate Travel Communication Tool,Travel & Local,Hiroglif,,5.0,1,54,1,1.49
PackPoint Premium packing list,Travel & Local,Wawwo,,3.9,80,8.3,"1,000",2.99
HongKong Travel essential App,Travel & Local,Tripnote,,4.4,18,26,"1,000",0.99
Bora Bora Island Offline Travel Guide,Travel & Local,iSoft Tech,,,,15,1,0.99
Travel Phrases - Italian,Travel & Local,DotNetIdeas,,4.0,1,1.8,10,0.99
Seychelles Travel Guide & Map,Travel & Local,Alpha Systems Ltd,,3.0,2,4.2,100,0.99
SpeakEasy French ~ Phrasebook,Travel & Local,Pocketglow,,4.8,163,28,"1,000",3.99
Gold Coast Travel Deals Guide,Travel & Local,TravelDealsList.com,,,,2.0,5,0.99
Galway Offline Travel Guide,Travel & Local,Swan IT Technologies,,,,7.9,10,3.99
rundbligg FRANCE Travel Guide,Travel & Local,Dr. Martin Raack,,,,,1,2.99
Travel Phrases - French,Travel & Local,DotNetIdeas,,,,1.8,10,0.99
Travel Advisory Alerts,Travel & Local,Agilus,,5.0,3,0.138,100,0.99
Navigator PRO - GPS Navigation with Offline Maps,Travel & Local,Mapedy,,3.6,872,70,"50,000",2.49
New Zealand Travel Guide,Travel & Local,Travel Guides,,5.0,1,24,100,0.99
Beijing Travel Guide – mTrip,Travel & Local,mTrip apps,,4.8,5,78,100,2.99
Philippines Travel Guide,Travel & Local,Travel Guides,,4.0,4,19,100,0.99
Swedish Thai Travel Dictionary,Travel & Local,Bede Products,,3.0,1,0.472,50,1.40
Moscow Offline Travel Guide,Travel & Local,Travel Guides,,,,8.5,10,0.99
Seychelles Island Travel Guide,Travel & Local,iSoft Tech,,,,18,1,0.99
Isla Mujeres Offline Travel Guide,Travel & Local,iSoft Tech,,,,14,0,0.99
Hokkaido Island Offline Travel Guide,Travel & Local,iSoft Tech,,,,15,0,0.99
Penang Island Offline Travel Guide,Travel & Local,iSoft Tech,,,,13,1,0.99
Zimbabwe Travel Basic Info App (Victoria Falls),Travel & Local,"The Treasure Trove, Inc.",,,,5.7,0,0.99
Travel Currency Converter,Travel & Local,TJ Tek,,,,0.875,10,0.99
Venice Offline Travel Guide,Travel & Local,Travel Guides,,,,12,1,0.99
Norwegian Thai Travel Ordbok,Travel & Local,Bede Products,,1.0,1,0.551,100,0.99
Vietnam Travel Guide,Travel & Local,Travel Guides,,5.0,1,26,50,0.99
France Travel Guide,Travel & Local,Travel Guides,,5.0,2,17,100,0.99
Miami Offline Travel Guide,Travel & Local,VoyagerItS,,,,8.1,1,3.49
Panama Offline Travel Guide,Travel & Local,Swan IT Technologies,,,,8.7,10,3.99
Portugal Travel Guide,Travel & Local,Travel Guides,,,,13,10,0.99
Moscow Offline Travel Guide,Travel & Local,Swan IT Technologies,,,,9.9,10,3.99
Thailand Travel Guide,Travel & Local,Travel Guides,,,,29,10,0.99
Venice Travel Guide,Travel & Local,Travel Guides,,4.0,1,4.7,5,0.99
Chicago Offline Travel Guide,Travel & Local,Swan IT Technologies,,3.0,1,8.7,5,3.99
Perth Offline Travel Guide,Travel & Local,Travel Guides,,,,7.3,1,0.99
Laos Travel Guide,Travel & Local,Travel Guides,,5.0,2,9.8,50,0.99
German Travel Guide,Travel & Local,Travel Guides,,,,21,10,0.99
Yangon Offline Travel Guide,Travel & Local,Travel Guides,,,,6.5,10,0.99
Myanmar Travel Guide,Travel & Local,Travel Guides,,,,18,100,0.99
Baltimore Offline Travel Guide,Travel & Local,Swan IT Technologies,,,,11,10,3.99
Oslo Offline Map Travel Guide,Travel & Local,Swan IT Technologies,,,,9.9,5,3.99
Mauritius Offline Travel Guide,Travel & Local,VoyagerItS,,,,11,10,2.49
Istanbul Offline Travel Guide,Travel & Local,Travel Guides,,,,16,1,0.99
Bangkok Offline Travel Guide,Travel & Local,Swan IT Technologies,,4.0,1,9.3,10,3.99
Cambodia Travel Guide,Travel & Local,Travel Guides,,,,8.7,10,0.99
Guadeloupe Island Offline Travel Guide,Travel & Local,iSoft Tech,,,,17,0,0.99
Track My Travels: GPS Share Maps Photos Waypoints,Travel & Local,SoulVenture Inc,,,,20,1,0.99
Madrid Offline Travel Guide,Travel & Local,VoyagerItS,,,,8.8,1,3.49
Berlin Travel Guide Offline,Travel & Local,cityscouter.com,,3.8,5,4.8,100,2.99
Madeira Offline Travel Guide,Travel & Local,Swan Informatics,,1.0,2,11,10,2.99
Galapagos Offline Travel Guide,Travel & Local,VoyagerItS,,,,8.2,10,2.49
Athens Travel Guide,Travel & Local,Travel Guides,,,,3.8,5,0.99
Istanbul Offline Travel Guide,Travel & Local,Swan IT Technologies,,,,8.9,5,3.99
Galapagos Offline Travel Guide,Travel & Local,Swan Informatics,,,,10,10,2.99
Full Maui GyPSy Driving Tour,Travel & Local,GyPSy Guide,,4.3,179,9.2,"5,000",9.99
Ireland Travel,Travel & Local,Travel Guides,,,,13,10,0.99
Traveling In Crete,Travel & Local,Traveling In,,,,27,10,0.99
Airline Flight Status Tracker & Trip Planning,Travel & Local,Airline Flight Status Tracking,,3.8,"1,300",25,"10,000",4.99
London Offline Travel Guide,Travel & Local,Swan IT Technologies,,,,11,1,3.99
Kuala Lumpur Travel Guide,Travel & Local,Travel Guides,,5.0,1,16,50,0.99
Traveling In Alcúdia,Travel & Local,Traveling In,,,,13,10,0.99
Warsaw Offline Travel Guide,Travel & Local,Swan IT Technologies,,4.0,1,9.3,10,3.99
Traveling In Fethiye,Travel & Local,Traveling In,,,,19,5,0.99
Mexico Backpacker Guide,Travel & Local,Backpacking Travel Guides,,,,22,1,0.99
Paris Travel Guide – mTrip,Travel & Local,mTrip apps,,3.7,65,39,"1,000",2.99
Syrian Arabic Travel Phrases,Travel & Local,Hills Press,,,,57,10,2.49
Galapagos Islands Offline Travel Guide,Travel & Local,iSoft Tech,,,,17,0,0.99
German talk&travel,Travel & Local,Langenscheidt Digital GmbH & Co. KG,,1.0,1,1.3,50,4.99
Melbourne Offline Travel Guide,Travel & Local,Swan IT Technologies,,1.0,1,13,5,3.99
Dubai Offline Map Travel Guide,Travel & Local,Swan IT Technologies,,,,8.7,10,3.99
Penang Offline Travel Guide,Travel & Local,Swan Informatics,,3.0,2,10,50,2.99
London Travel Guide,Travel & Local,mTrip apps,,3.2,37,38,"1,000",2.99
Trip List,Travel & Local,Web Concept,,3.9,16,2.1,"1,000",0.99
Canberra Offline Travel Guide,Travel & Local,Swan IT Technologies,,,,8.5,5,3.99
Danish Thai Travel Dictionary,Travel & Local,Bede Products,,3.0,2,0.641,100,0.99
Venice Travel Guide – mTrip,Travel & Local,mTrip apps,,3.4,17,82,500,2.99
Bangalore Offline Travel Guide,Travel & Local,Swan IT Technologies,,,,9.6,1,3.99
San Francisco Travel Guide,Travel & Local,mTrip apps,,4.5,6,55,500,2.99
Translate For Travel,Travel & Local,InfoxIT,,,,1.3,0,0.99
Traveling In Çeşme,Travel & Local,Traveling In,,,,20,1,0.99
Prague Travel Guide - mTrip,Travel & Local,mTrip apps,,3.3,21,35,500,2.99
Discover Rome: A modern travel and food guide,Travel & Local,Anton Eregin,,4.3,7,20,100,3.99
Mauritius Travel Guide,Travel & Local,Alpha Systems Ltd,,3.7,3,2.9,50,0.99
Traveling In Bodrum,Travel & Local,Traveling In,,5.0,1,21,5,0.99
Traveling In Marmaris,Travel & Local,Traveling In,,,,21,5,0.99
French talk&travel,Travel & Local,Langenscheidt Digital GmbH & Co. KG,,,,1.3,10,4.99
Langkawi Offline Travel Guide,Travel & Local,Swan Informatics,,5.0,1,9.9,50,2.99
Travel Aware,Travel & Local,Viking Global Industries,,,,6.5,50,2.84
Travel Tool,Travel & Local,NordSoft,,5.0,4,2.8,50,0.99
Discover Maui - Travel Guide to Best of Maui,Travel & Local,Kilohana,,4.6,14,30,500,0.99
Travel CheckList PRO,Travel & Local,Simple Solutions - Fast and Reliable,,3.8,13,1.2,100,2.99
Spain Travel Guide,Travel & Local,Travel Guides,,5.0,1,18,10,0.99
Brazil Travel Guide,Travel & Local,Travel Guides,,4.0,2,13,10,0.99
Bonaire Island Offline Travel Guide,Travel & Local,iSoft Tech,,,,14,0,0.99
Argentina Travel Guide,Travel & Local,Travel Guides,,5.0,1,17,50,0.99
Berlin Travel Guide - mTrip,Travel & Local,mTrip apps,,4.0,29,83,"1,000",2.99
Marrakech Offline Travel Guide,Travel & Local,Travel Guides,,3.6,5,7.1,100,0.99
Korean Thai Travel Dictionary,Travel & Local,Bede Products,,,,0.425,100,1.42
Venice Art & Culture Travel Guide,Travel & Local,Touch Screen Travels,,5.0,4,100,50,4.99
Maryland Traffic Cameras Pro,Travel & Local,Crystal Consulting LLC,Contains Ads,3.3,10,9.5,100,1.99
Kiev Travel Guide,Travel & Local,Travel Guides,,,,6.5,10,0.99
Bucharest Travel Guide,Travel & Local,Travel Guides,,,,7.5,10,0.99
Bremen Offline Travel Guide,Travel & Local,Travel Guides,,,,7.3,10,0.99
Traveling In İzmir,Travel & Local,Traveling In,,,,20,1,0.99
Hamburg Travel Guide,Travel & Local,Travel Guides,,,,12,10,0.99
Salzburg Offline Travel Guide,Travel & Local,Swan IT Technologies,,,,8.9,50,3.99
Berlin Offline Travel Guide,Travel & Local,Travel Guides,,,,23,0,0.99
Calgary Offline Travel Guide,Travel & Local,Travel Guides,,,,14,1,0.99
Australia Travel Guide,Travel & Local,Travel Guides,,3.0,2,15,100,0.99
Segovia Travel Guide,Travel & Local,dotsar.,,5.0,2,29,50,1.49
Auckland Offline Travel Guide,Travel & Local,Travel Guides,,,,10,5,1.49
Airborne Pro - Your Flight & Travel Assistant,Travel & Local,Technically,,3.4,7,12,50,1.99
Dubai Travel Guide – mTrip,Travel & Local,mTrip apps,,3.7,3,66,100,2.99
New Zealand Total Travel Guide,Travel & Local,Travel Guides,,,,33,1,0.99
Manila Offline Travel Guide,Travel & Local,Travel Guides,,,,7.8,10,0.99
China Offline Travel Guide,Travel & Local,Travel Guides,,1.0,1,42,50,0.99
Memphis Offline Travel Guide,Travel & Local,Travel Guides,,,,11,5,0.99
Montreal Offline Travel Guide,Travel & Local,Travel Guides,,,,17,1,0.99
Brisbane Offline Travel Guide,Travel & Local,Travel Guides,,,,11,1,0.99
Madrid Offline Travel Guide,Travel & Local,Travel Guides,,,,22,0,0.99
New York Offline Travel Guide,Travel & Local,Travel Guides,,,,21,0,0.99
Austria Travel Guide,Travel & Local,Travel Guides,,,,3.4,10,0.99
Finnish Thai Travel Dictionary,Travel & Local,Bede Products,,1.0,1,0.586,10,0.99
Traveling In Kos,Travel & Local,Traveling In,,,,12,5,0.99
HistOrigin Travel App,Travel & Local,Local Highway History LLC,,,,2.5,10,1.99
England Travel Guide,Travel & Local,Travel Guides,,,,35,10,0.99
Liverpool Offline Travel Guide,Travel & Local,Travel Guides,,,,11,1,0.99
Maui Offline Travel Guide,Travel & Local,Travel Guides,,,,15,5,0.99
Vancouver Island Offline Travel Guide,Travel & Local,iSoft Tech,,,,14,1,0.99
rundbligg MEXICO Travel Guide,Travel & Local,Dr. Martin Raack,,,,,1,2.99
Athens Offline Travel Guide,Travel & Local,Travel Guides,,,,12,5,1.49
Dublin Offline Travel Guide,Travel & Local,Travel Guides,,,,13,10,0.99
Antigua Island Offline Travel Guide,Travel & Local,iSoft Tech,,,,12,1,0.99
San Juan Offline Travel Guide,Travel & Local,Travel Guides,,,,9.4,5,0.99
Dynamite Travel App,Travel & Local,"Dynamite Travel, LLC",,5.0,3,3.8,5,0.99
TripView,Travel & Local,TripView Pty Ltd,,4.5,"5,427",2.5,"100,000",3.49
Madagascar Island Offline Travel Guide,Travel & Local,iSoft Tech,,,,16,1,0.99
Osaka Offline Travel Guide,Travel & Local,Travel Guides,,,,11,10,0.99
Copenhagen Travel Guide,Travel & Local,Travel Guides,,,,8.4,5,0.99
Zanzibar Island Travel Guide,Travel & Local,iSoft Tech,,,,16,1,0.99
Cozumel Island Offline Travel Guide,Travel & Local,iSoft Tech,,,,10,0,0.99
Mexico Offline Travel Guide,Travel & Local,Travel Guides,,,,8.8,10,0.99
Bangkok Offline Travel Guide,Travel & Local,Travel Guides,,,,18,0,1.49
Packing List - Full,Travel & Local,DotNetIdeas,,4.2,210,3.6,"5,000",1.99
Auckland Travel Guide,Travel & Local,Travel Guides,,,,11,5,0.99
Fraser Island Offline Travel Guide,Travel & Local,iSoft Tech,,,,17,1,0.99
Florence City Travel Guide - ItalyGuides.it,Travel & Local,ComPart Multimedia,,,,52,0,5.99
Traveling In Menorca,Travel & Local,Traveling In,,,,17,5,0.99
Stockholm Travel Guide – mTrip,Travel & Local,mTrip apps,,2.0,3,44,100,2.99
Phuket Travel Deals Guide,Travel & Local,TravelDealsList.com,,,,2.0,5,0.99
Bermuda Island Travel Guide,Travel & Local,iSoft Tech,,,,15,0,0.99
Lofoten Island Offline Travel Guide,Travel & Local,iSoft Tech,,,,13,10,0.99
Amsterdam Travel Deals Guide,Travel & Local,TravelDealsList.com,,,,2.0,1,0.99
Cape Town Travel Guide,Travel & Local,Travel Guides,,5.0,1,5.5,100,0.99
Boston Offline Travel Guide,Travel & Local,Travel Guides,,,,18,1,0.99
rundbligg SPAIN Travel Guide,Travel & Local,Dr. Martin Raack,,,,,1,2.99
Milan Offline Travel Guide,Travel & Local,Travel Guides,,,,23,0,0.99
Prague Offline Travel Guide,Travel & Local,Travel Guides,,,,15,5,0.99
Hangzhou Offline Travel Guide,Travel & Local,Travel Guides,,,,11,10,0.99
Italy Travel Guide,Travel & Local,Travel Guides,,3.0,2,24,50,0.99
Capri Island Offline Travel Guide,Travel & Local,iSoft Tech,,,,15,0,0.99
Turks & Caicos Island Offline Travel Guide,Travel & Local,iSoft Tech,,,,12,0,0.99
Baltimore Offline Travel Guide,Travel & Local,Travel Guides,,,,14,1,1.49
Isla Mujeres Island Offline Travel Guide,Travel & Local,iSoft Tech,,,,14,0,0.99
Hong Kong Travel Guide – mTrip,Travel & Local,mTrip apps,,4.2,11,53,100,2.99
Amalfi Coast Island Offline Travel Guide,Travel & Local,iSoft Tech,,,,16,1,0.99
Bulgaria Travel Guide,Travel & Local,Travel Guides,,1.0,1,6.2,50,0.99
Cancun Offline Travel Guide,Travel & Local,Swan IT Technologies,,,,8.7,10,3.99
Tokyo Offline Travel Guide,Travel & Local,Travel Guides,,,,24,1,0.99
Cinque Terre - Travel Guide by Mappy,Travel & Local,Creative Monkeys,,,,5.8,5,2.99
Barcelona Offline Travel Guide,Travel & Local,Swan IT Technologies,,,,13,5,3.99
Vientiane Travel Guide,Travel & Local,Travel Guides,,,,9.6,10,0.99
Portland Offline Travel Guide,Travel & Local,Swan IT Technologies,,,,13,5,3.99
Saint Vincent & Grenadines Island Travel Guide,Travel & Local,iSoft Tech,,,,12,0,0.99
Latvia Travel Guide,Travel & Local,Travel Guides,,1.0,1,2.1,10,0.99
Caracas Travel Guide,Travel & Local,Travel Guides,,,,4.4,5,0.99
Riga Offline Travel Guide,Travel & Local,Swan IT Technologies,,,,16,1,3.99
Corfu Offline Map Travel Guide,Travel & Local,Swan Informatics,,2.0,2,12,100,2.99
Orkney Island Offline Travel Guide,Travel & Local,iSoft Tech,,1.0,1,13,5,0.99
