Google My Business,Business,Google LLC,,4.4,"70,866",,"5,000,000",
Business Plan & Start Startup,Business,Alex Genadinik,Contains Ads·Offers in-app purchases,4.3,"5,659",1.7,"1,000,000",
My Business,Business,SEGB,Contains Ads·Offers in-app purchases,4.6,"7,135",6.3,"100,000",
Business Plan Quick Builder,Business,Perren Consulting Ltd,Offers in-app purchases,4.8,997,2.7,"50,000",
Skype for Business for Android,Business,Microsoft Corporation,,3.9,"78,106",,"10,000,000",
PayPal Business: Send Invoices,Business,PayPal Mobile,,4.6,"3,233",30,"500,000",
Entrepreneur Business Ideas,Business,Alex Genadinik,Contains Ads,4.2,"2,137",1.6,"100,000",
Business Card Maker & Creator,Business,LIGHT CREATIVE LAB,Contains Ads·Offers in-app purchases,4.7,"18,211",25,"1,000,000",
Bizversity - Business Coaching,Business,BRiN Global Pty Ltd,,4.6,159,76,"10,000",
Small Business Startup,Business,Landmark Interactive,,4.1,126,5.3,"50,000",
Small Business Accounting PRO,Business,theBusinesSoft,Offers in-app purchases,4.1,"1,589",11,"100,000",
Business Card Maker,Business,Unified Apps,Contains Ads,4.2,"8,316",16,"500,000",
Business Dictionary,Business,WFI,Contains Ads,4.2,"5,987",,"500,000",
Yelp for Business Owners,Business,"Yelp, Inc",,3.6,"1,708",,"100,000",
QuickBooks Accounting: Invoicing & Expenses,Business,Intuit Inc,Offers in-app purchases,4.3,"23,152",41,"1,000,000",
mycard: Send your Vistaprint business card,Business,Vistaprint,,4.2,529,9.5,"50,000",
Business Startup - Entrepreneur Mindset,Business,Dogmaz Studioz App Software,Contains Ads,4.7,12,2.8,"5,000",
Fiverr - Freelance Services,Business,Fiverr,,4.6,"105,410",28,"1,000,000",
101 Business Idea 2017,Business,Think Tank Labs,Contains Ads,3.9,343,4.2,"100,000",
Startup ideas - Best business ideas,Business,Prajwal nautiyal,Contains Ads,4.1,72,5.6,"10,000",
How To Write A Business Plan,Business,Koodalappz,Contains Ads,4.6,63,9.0,"50,000",
Oriflame Business,Business,Oriflame,,4.5,"25,591",5.9,"1,000,000",
Startup Business Ideas,Business,Slay In Vogue Apps,Contains Ads,4.3,38,11,"50,000",
Bing places for business,Business,Microsoft Corporation,,4.2,34,21,"5,000",
LinkedPhone: Add A Business Phone Line,Business,LinkedPhone LLC,Offers in-app purchases,4.5,32,44,"1,000",
Business Plan Creator,Business,Qatar Development Bank,,3.8,198,2.9,"10,000",
Business Card Maker & Creator - Name card maker,Business,ZerOnes,Contains Ads·Offers in-app purchases,4.2,"1,840",21,"100,000",
Business Cards Maker & Creator,Business,Shopify Inc.,,4.2,396,5.3,"100,000",
Business Dictionary by Farlex,Business,TheFreeDictionary.com – Farlex,Contains Ads·Offers in-app purchases,4.7,570,34,"10,000",
Business Plan for startups - 2018 Edition,Business,Tradingwheels,Contains Ads,4.2,37,9.7,"5,000",
Business Accounting,Business,Golden-Accounting,Offers in-app purchases,4.5,437,9.1,"100,000",
Business Card / Visiting Card Creator & Generator,Business,Devs Wall,Contains Ads,4.4,58,7.2,"5,000",
Zomato for Business,Business,Zomato,,4.0,784,,"100,000",
Business Marketing AutoResponder - Text Messaging,Business,LeMi Apps / Business Marketing Apps,Offers in-app purchases,4.4,47,5.2,"5,000",
My Verizon For Business,Business,Verizon - VZ,,3.1,282,17,"50,000",
Facebook Pages Manager,Business,Facebook,,4.0,"1,278,720",,"50,000,000",
Business Card Scanner - Business Card Organizer,Business,Bric APP by REDMONK Technologies,Offers in-app purchases,4.1,358,26,"10,000",
Business Card Creator,Business,ThinkPeak Studio,Contains Ads,4.3,294,6.6,"10,000",
BUSINESS CARD BOOK,Business,bcbapp.com,Offers in-app purchases,3.9,455,14,"50,000",
Business Card Scanner & Business Network - Wockito,Business,Wockito innovative solutions PVT LTD,Offers in-app purchases,4.3,319,15,"10,000",
Splashtop Business - Remote PC,Business,Splashtop,,4.4,"1,536",17,"100,000",
CamCard Free - Business Card R,Business,INTSIG,Contains Ads·Offers in-app purchases,4.4,"108,204",,"10,000,000",
BizConnect - Business Card Reader & Scanner,Business,ATMAS SOFTWARES PVT. LTD.,Offers in-app purchases,4.4,982,14,"50,000",
ZoopBusiness- Business Network,Business,ZoopConnect Pvt. Ltd.,,4.5,32,9.6,"1,000",
Business Cards,Business,"Inigo, LLC",,4.0,"1,556",10,"100,000",
Business Card Maker,Business,Gracia Apps,Contains Ads·Offers in-app purchases,4.2,211,16,"50,000",
"Business Accounting, GST Invoicing & Inventory App",Business,Vyapar Tech Solutions,Offers in-app purchases,4.6,"8,292",21,"100,000",
Business Card Reader,Business,Ionescu Alexandru,Contains Ads·Offers in-app purchases,3.8,"1,195",,"100,000",
Lenscard -Business Card Maker,Business,PicLens,Contains Ads·Offers in-app purchases,4.1,"2,573",20,"100,000",
Eight - Manage Business Cards,Business,"Sansan, Inc.",Offers in-app purchases,4.3,899,,"100,000",
4Life Business,Business,"4Life Research USA, LLC",,4.6,"2,078",29,"100,000",
YP for Business,Business,Yellowpages.com LLC,,3.9,309,11,"10,000",
"Sales Order, Purchase Order, Inventory, Business",Business,Oscprofessionals,Contains Ads·Offers in-app purchases,4.5,426,30,"10,000",
Business Tips for Entrepreneurs,Business,Tech Noob,Contains Ads,4.7,7,3.7,"1,000",
Switchit Digital Business Card,Business,"Fuzzyatom Labs, Corp.",,4.2,24,9.1,"1,000",
Markate for Business,Business,Markate Inc.,,4.8,24,39,"1,000",
SLIDEIT Digital Business Cards,Business,WIN-WIN DIGITAL SOLUTIONS PTY LTD,,4.4,41,25,"1,000",
Business Anywhere,Business,Lothar Katz,,4.7,35,3.2,"10,000",
Automatic GPS Vehicle Tracker for Businesses,Business,MyCarTracks,,4.4,"4,576",,"100,000",
Business Manager,Business,SuarezFun,Contains Ads·Offers in-app purchases,3.7,115,6.9,"10,000",
CamCard Business,Business,INTSIG,,4.2,800,,"100,000",
Linkcards - Modern Digital Business Card,Business,Linkcards Business Solutions LLP,,4.1,70,6.8,"10,000",
Business Card Reader for Base CRM,Business,MagneticOne Mobile,Contains Ads·Offers in-app purchases,4.2,26,10,"1,000",
Staples Business Advantage,Business,"Staples, Inc.",,3.8,239,,"10,000",
flok business,Business,LoyalBlocks,,3.6,24,6.5,"5,000",
Kwikard- Business Card Maker,Business,Kwikard,,4.6,90,27,"5,000",
Business Prospect Manager,Business,JN Appz,Contains Ads,4.0,50,8.3,"5,000",
Business Card App,Business,Mohan Noone,Offers in-app purchases,4.3,257,,"10,000",
"Business Messaging, Chat Bots",Business,Avaamo Inc,,4.3,"1,167",12,"100,000",
Business Card Maker,Business,ApkStyle,Contains Ads,3.9,70,6.3,"10,000",
eVoice — Business Phone Line,Business,eVoice,,4.1,"1,173",11,"100,000",
Logo Maker For Me - Small Business,Business,Prank Apps For Free,Contains Ads,4.1,813,9.3,"100,000",
Audiobook: Business Analyst,Business,Twayesh Projects,Contains Ads,4.0,49,2.7,"5,000",
Redstone FCU Business Banking,Business,Redstone Federal Credit Union Mobile Banking,,3.2,20,32,"1,000",
Amazon Seller,Business,Amazon Mobile LLC,,4.3,"41,212",8.6,"1,000,000",
Business Card Organizer,Business,zappoint,Offers in-app purchases,4.0,360,,"50,000",
Business Card Scanner - Saciva,Business,Magna Digital Lab,Contains Ads·Offers in-app purchases,4.2,"3,885",13,"100,000",
AT&T Business Messenger,Business,"AT&T Services, Inc.",,3.6,13,19,"5,000",
501 Business idea,Business,Big Apps Store,Contains Ads,3.7,"1,038",2.8,"500,000",
Zoho Creator - Business Process Automation,Business,Zoho Corporation,,4.0,869,34,"100,000",
Business Card Reader for Google Sheets,Business,MagneticOne Mobile,Contains Ads·Offers in-app purchases,3.6,15,9.7,"1,000",
Business Card Reader for Pipedrive CRM,Business,MagneticOne Mobile,Contains Ads·Offers in-app purchases,4.2,32,9.6,"1,000",
CloudPhone for Business,Business,Voxox,,3.6,362,21,"50,000",
Tally Business Dashboard,Business,Antraweb Technologies P. Ltd.,,4.1,110,6.1,"10,000",
EXPO CHAT Business Messenger,Business,DrDinaraRakhimbaeva,,4.7,46,32,"1,000",
Startup Business Ideas App,Business,Tech Noob,Contains Ads,4.4,35,15,"5,000",
Capital Bank Business Mobile Banking,Business,First Tennessee Bank,,1.1,33,17,"1,000",
"Business, marketing online course discount coupons",Business,Alex Genadinik,Contains Ads,4.8,26,3.4,"1,000",
Tiny Scanner - PDF Scanner App,Business,Appxy,Contains Ads·Offers in-app purchases,4.7,"286,649",39,"10,000,000",
Business Plan Template,Business,Venture Technology Ltd,Contains Ads,4.0,19,16,"5,000",
My Business Card,Business,Mitul Bhalia,Contains Ads,3.9,275,27,"10,000",
Open in WhatsApp Business (click to chat),Business,Maliks Labs,,4.4,11,3.5,"1,000",
Business Card Reader for SuiteCRM,Business,MagneticOne Mobile,Contains Ads·Offers in-app purchases,3.7,22,10,"1,000",
SendHub - Business SMS,Business,"SendHub.com (InfoReach, Inc.)",,4.1,759,15,"10,000",
"Book Keeper - Accounting, GST Invoicing, Inventory",Business,Just Apps Pvt. Ltd.,Offers in-app purchases,4.4,"7,266",20,"500,000",
Business Card Maker,Business,ZoTo Appx,Contains Ads,3.8,9,19,"1,000",
Business For Sale,Business,Landmark Interactive,,3.0,11,4.8,"1,000",
Business Card Maker -Pro Visiting card Maker,Business,Back Banchers,Contains Ads,4.4,18,17,"1,000",
"PayPal Here - POS, Credit Card Reader",Business,PayPal Mobile,,4.3,"32,308",27,"1,000,000",
Business Card Maker,Business,Photo Editing Lab,Contains Ads,4.6,12,7.8,"5,000",
xID Digital Business Card,Business,xID Infinity,,4.3,26,13,"1,000",
Business Card Digital Exchange,Business,Codendot Apps,,3.8,29,,"1,000",
ScanBizCards Lite - Scan Card,Business,ScanBiz Mobile Solutions LP,Offers in-app purchases,4.1,"4,927",23,"500,000",
Sideline – Second Phone Number,Business,"Pinger, Inc.",Offers in-app purchases,4.4,"56,503",,"5,000,000",
Amway Business Calculator,Business,YENA Software CIS,Offers in-app purchases,4.5,21,35,"1,000",
Business plan,Business,DANIIL PERFILIEV,Contains Ads,4.2,378,4.5,"10,000",
