TripAdvisor Hotels Flights Restaurants Attractions,Travel & Local,TripAdvisor,Contains Ads,4.4,"1,161,650",,"100,000,000",
Google Trips - Travel Planner,Travel & Local,Google LLC,,4.1,"26,807",,"5,000,000",
Travel Channel,Travel & Local,"Travel Channel, LLC",Contains Ads,4.1,"4,391",16,"100,000",
"KAYAK Flights, Hotels & Cars",Travel & Local,KAYAK.com,Contains Ads,4.5,"216,233",19,"10,000,000",
"Expedia Hotels, Flights & Car Rental Travel Deals",Travel & Local,Expedia,Contains Ads,4.1,"136,154",14,"10,000,000",
Booking.com Travel Deals,Travel & Local,Booking.com Hotels & Vacation Rentals,,4.7,"1,829,590",,"100,000,000",
Skyscanner,Travel & Local,Skyscanner Ltd,Contains Ads,4.5,"480,177",29,"10,000,000",
trivago: Hotels & Travel,Travel & Local,trivago,,4.2,"219,210",,"50,000,000",
"Priceline Hotel Deals, Rental Cars & Flights",Travel & Local,priceline.com,,4.4,"48,750",15,"5,000,000",
Trip by Skyscanner - City & Travel Guide,Travel & Local,Trip by Skyscanner,,4.1,"5,149",,"500,000",
Culture Trip: Explore & Travel,Travel & Local,Culture Trip,Contains Ads,4.6,"3,428",18,"500,000",
TripIt: Travel Organizer,Travel & Local,"TripIt, Inc.",,4.4,"49,138",25,"1,000,000",
Cheap Hotels & Vacation Deals,Travel & Local,"Hotels, Last Minute Deals, Flights & Vacation",Contains Ads,4.6,"7,944",,"500,000",
"Orbitz - Hotels, Flights & Package Deals",Travel & Local,orbitz.com,,4.4,"33,228",,"1,000,000",
VOLO - Your Travel Journal,Travel & Local,"SK techx Co., Ltd",,3.9,733,39,"100,000",
Travelzoo,Travel & Local,Travelzoo Inc.,,4.4,"16,298",11,"1,000,000",
Hostelworld: Hostels & Cheap Hotels Travel App,Travel & Local,Hostelworld.com,,4.4,"17,829",28,"1,000,000",
PackPoint travel packing list,Travel & Local,Wawwo,Offers in-app purchases,4.6,"23,839",8.3,"1,000,000",
Airbnb,Travel & Local,"Airbnb, Inc",,4.4,"356,022",,"10,000,000",
MAPS.ME ‚Äì Offline Map and Travel Navigation,Travel & Local,My.com B.V.,Contains Ads,4.5,"931,030",,"50,000,000",
Couchsurfing Travel App,Travel & Local,CouchSurfing Inc.,,4.4,"61,584",,"1,000,000",
TripCase ‚Äì Travel Organizer,Travel & Local,Sabre Traveler Solutions,Offers in-app purchases,4.3,"17,655",11,"1,000,000",
World Travel Guide App & Maps,Travel & Local,Happytrips.com - Times Internet Limited,Offers in-app purchases,4.6,165,,"10,000",
Tripoto Travel App: Plan Trips,Travel & Local,Tripoto,,4.4,"9,370",7.5,"100,000",
World Travel Guide by Triposo,Travel & Local,Triposo,Contains Ads¬∑Offers in-app purchases,4.4,"6,011",81,"500,000",
Travelocity Hotels & Flights,Travel & Local,Travelocity.com,Contains Ads,4.0,"7,964",13,"1,000,000",
Travel + Leisure Travel Guide,Travel & Local,TI Media Solutions Inc.,Contains Ads,3.4,38,14,"10,000",
Hopper - Watch & Book Flights,Travel & Local,Hopper Inc.,,4.4,"51,898",,"5,000,000",
Visit A City,Travel & Local,Visit A City,,4.6,"6,979",36,"500,000",
Polarsteps - Travel Tracker,Travel & Local,Polarsteps,,4.7,"5,227",,"100,000",
Guides by Lonely Planet,Travel & Local,Lonely Planet,Offers in-app purchases,4.6,"12,501",34,"500,000",
Cheapflights ‚Äì Flight Search,Travel & Local,Cheapflights,Contains Ads,4.4,"47,731",19,"5,000,000",
American Airlines,Travel & Local,"American Airlines, Inc.",,3.7,"16,943",,"5,000,000",
Sygic Travel Maps Offline & Trip Planner,Travel & Local,Sygic maps navigation,Offers in-app purchases,4.2,"9,319",38,"1,000,000",
World Explorer - Travel Guide,Travel & Local,Tasmanic Editions,Contains Ads¬∑Offers in-app purchases,4.3,"9,267",3.9,"1,000,000",
TripScout - City Trip Planner & Travel Itinerary,Travel & Local,"TripScout - Travel Guide, Audio Tour & Offline Map",Offers in-app purchases,3.8,64,24,"10,000",
Alaska Airlines - Travel,Travel & Local,Alaska Airlines,,4.7,"35,038",,"1,000,000",
Hotels ‚Äì any.travel,Travel & Local,Any.Travel,,4.7,"1,858",1.6,"100,000",
Travel Budget - Track Expenses with TravelSpend,Travel & Local,TravelSpend,Contains Ads¬∑Offers in-app purchases,4.6,166,20,"10,000",
Secret Travel - Save up to 80% on worldwide travel,Travel & Local,Secret Travel,,4.2,15,49,"5,000",
Packing List for Travel - PackKing,Travel & Local,PackKing Travel Apps,Contains Ads¬∑Offers in-app purchases,4.6,"4,941",7.3,"100,000",
Travel Pal: Meet The World,Travel & Local,Hello Pal International Inc.,,4.1,"1,156",66,"100,000",
"Last Minute Travel: Hotel Tonight, Cheap Vacations",Travel & Local,Travel Holdings,,3.8,762,,"100,000",
"TourBar - Chat, Meet & Travel",Travel & Local,TourBar,Offers in-app purchases,4.1,"7,636",15,"500,000",
Fly Delta,Travel & Local,"Delta Air Lines, Inc.",,3.7,"27,544",46,"5,000,000",
easyJet: Travel App,Travel & Local,easyJet Airline Company Limited,,4.4,"134,815",50,"10,000,000",
My Travel Map,Travel & Local,travelfriends.fm,Contains Ads,3.6,180,1.6,"10,000",
STA Travel,Travel & Local,STA Travel Ltd,,3.5,491,32,"100,000",
United Airlines,Travel & Local,United Airlines,,3.5,"30,406",80,"5,000,000",
Zaldee - earn while you travel,Travel & Local,"Zaldee, Inc",,4.4,"1,100",8.5,"100,000",
Travello - Your Social Travel Companion,Travel & Local,Travello App,,4.1,"1,184",41,"100,000",
izi.TRAVEL: Audio Travel Guide,Travel & Local,Informap Technology Center,Offers in-app purchases,4.2,"12,546",12,"1,000,000",
CityMaps2Go Plan Trips Travel Guide Offline Maps,Travel & Local,Ulmon GmbH,Contains Ads¬∑Offers in-app purchases,4.3,"64,644",58,"1,000,000",
New York Travel Guide,Travel & Local,Ulmon GmbH,Contains Ads,4.6,"2,795",58,"100,000",
HOTSGO PLAN : Travel Planner,Travel & Local,HOTSGO,Contains Ads,4.3,85,28,"10,000",
Japan Official Travel App,Travel & Local,Japan National Tourism Organaization,,4.7,"2,448",67,"100,000",
Wikivoyage - Offline Travel Guide,Travel & Local,Kiwix Team,,4.7,630,21,"10,000",
Chicago Travel Guide,Travel & Local,Ulmon GmbH,Contains Ads,4.3,112,58,"10,000",
Serentrip - Travel Buddy & Locals,Travel & Local,LIKECRAZY Inc.,Contains Ads¬∑Offers in-app purchases,3.9,861,16,"100,000",
Travel Buddy - Connecting Travelers Locally,Travel & Local,Terrainspotter,Contains Ads,4.3,403,11,"10,000",
TravelSmart - Your insurance & travel companion,Travel & Local,Allianz Global Assistance USA,,2.4,180,37,"50,000",
Jumia Travel Hotels Booking,Travel & Local,JUMIA,,4.4,"1,648",,"100,000",
Travel Portland,Travel & Local,VisitMobile,,3.4,53,4.8,"10,000",
FindPenguins - Travel Tracker & Photo Book,Travel & Local,Find Penguins,Offers in-app purchases,4.5,710,17,"10,000",
Michelin Travel,Travel & Local,Michelin,,3.9,"2,743",,"500,000",
"Ithaka - Travel Guide for Thailand, Bali & Turkey",Travel & Local,Ithaka Thailand Travel,,4.7,"1,011",17,"10,000",
Canada Travel Guide by Triposo,Travel & Local,Triposo,Contains Ads¬∑Offers in-app purchases,4.6,28,70,"5,000",
Hello World - Travel discovery & Travel Wallpapers,Travel & Local,Hello World Travel Discovery and Travel Wallpapers,Contains Ads,4.7,637,4.1,"50,000",
eChutti find a travel partner,Travel & Local,eChutti,Contains Ads,4.4,192,4.5,"10,000",
"Ohio Travel Guide, TourismOhio",Travel & Local,Ripple Effect,Contains Ads,3.7,85,22,"10,000",
Croatia Travel Guide by Tripos,Travel & Local,Triposo,Contains Ads¬∑Offers in-app purchases,4.3,113,70,"10,000",
Travel Maker - Trip Different,Travel & Local,Travel App LTD,,4.5,162,11,"10,000",
ID90 Travel,Travel & Local,Id90travel,,3.9,638,29,"100,000",
TraveLibro - Visual Travel Journeys,Travel & Local,TraveLibro,,4.1,174,,"10,000",
Tourgether - Find travel buddy & trip companion,Travel & Local,Tourgether Inc.,,3.9,26,19,"1,000",
Norwegian Travel Assistant,Travel & Local,Norwegian Air Shuttle ASA,,3.7,"8,604",6.3,"1,000,000",
Japan Travel Guide by Triposo,Travel & Local,Triposo,Contains Ads¬∑Offers in-app purchases,4.4,181,70,"10,000",
Rome Travel Guide,Travel & Local,Ulmon GmbH,Contains Ads,4.5,"3,875",54,"100,000",
Upside Travel,Travel & Local,Upside Travel,,4.7,107,31,"5,000",
Axus Travel App,Travel & Local,"AXUS Travel App, LLC",,3.4,21,,"5,000",
Pocket Travel Consultant,Travel & Local,"AXUS Travel App, LLC",,3.5,12,,"5,000",
Melbourne Travel Guide,Travel & Local,tripwolf,Contains Ads¬∑Offers in-app purchases,4.8,17,85,"5,000",
Vietnam Travel Guide,Travel & Local,Triposo,Contains Ads¬∑Offers in-app purchases,4.2,344,70,"50,000",
London Travel Guide,Travel & Local,OutWays,Contains Ads,4.5,85,21,"100,000",
TRAVEL JAPAN Wi-Fi,Travel & Local,"Wire and Wireless Co.,Ltd.",,3.7,"6,554",24,"1,000,000",
New Zealand Travel Guide,Travel & Local,tripwolf,Contains Ads¬∑Offers in-app purchases,4.2,21,86,"5,000",
Florence Travel Guide,Travel & Local,Ulmon GmbH,Contains Ads,4.5,197,58,"10,000",
Venice Travel Guide,Travel & Local,Ulmon GmbH,Contains Ads,4.3,936,58,"100,000",
Travel Packages for Holidays,Travel & Local,HelloTravel.com,Contains Ads,4.0,435,5.6,"100,000",
Berlin Travel Guide,Travel & Local,Ulmon GmbH,Contains Ads,4.4,"1,626",58,"100,000",
Prague Travel Guide,Travel & Local,Ulmon GmbH,Contains Ads,4.5,"1,588",58,"100,000",
‚úà Japan Travel Guide Offline,Travel & Local,Benstar Ltd,Contains Ads¬∑Offers in-app purchases,4.1,339,31,"50,000",
Barcelona Travel Guide,Travel & Local,Ulmon GmbH,Contains Ads,4.4,"2,384",58,"100,000",
Leh Ladakh Travel Guide Maps,Travel & Local,Happytrips.com - Times Internet Limited,Offers in-app purchases,4.5,78,,"10,000",
Cuba Travel Guide by Triposo,Travel & Local,Triposo,Contains Ads¬∑Offers in-app purchases,4.3,248,70,"50,000",
minube: travel planner & guide,Travel & Local,minube,,4.3,"23,718",39,"1,000,000",
Group Travel Videos,Travel & Local,PhotoVision,,3.7,105,,"10,000",
Unravel: Travel Guide & Blog,Travel & Local,Code My Brains Out,,4.7,36,4.6,"10,000",
Matrix Travel Companion,Travel & Local,Matrix Telesolutions Private limited,,4.0,231,19,"50,000",
‚úà Russia Travel Guide Offline,Travel & Local,Benstar Ltd,Contains Ads¬∑Offers in-app purchases,3.7,298,,"10,000",
PocketGuide Audio Travel Guide,Travel & Local,PocketGuide Inc.,Offers in-app purchases,4.2,"3,003",39,"500,000",
Southwest Airlines,Travel & Local,Southwest Airlines,,3.9,"24,773",8.3,"5,000,000",
Israel Travel Guide by Triposo,Travel & Local,Triposo,Contains Ads¬∑Offers in-app purchases,4.3,48,70,"5,000",
Paris Travel Guide,Travel & Local,Ulmon GmbH,Contains Ads,4.4,"2,602",59,"100,000",
Roomer Travel,Travel & Local,Roomer Travel Ltd.,,3.6,68,3.8,"10,000",
Relish Tour - Experience/Travel/Adventures,Travel & Local,Relish Tour,,4.9,86,,"1,000",
Verona Travel Guide,Travel & Local,tripwolf,Contains Ads¬∑Offers in-app purchases,3.8,16,86,"1,000",
MyMalta ‚Äì Malta travel guide offline,Travel & Local,TravelCroco,Contains Ads¬∑Offers in-app purchases,4.5,92,76,"10,000",
TravelBank - Travel & Expense,Travel & Local,TravelBank,,4.6,190,30,"10,000",
Trabee Pocket : Travel Expense,Travel & Local,trabee,Offers in-app purchases,4.4,"2,153",6.3,"100,000",
"roammate : travel, find, discover, meet, hangout",Travel & Local,roammate Inc.,,3.9,18,30,"5,000",
Travel Advisory,Travel & Local,Bob Clarke,,3.6,237,1.6,"10,000",
Denon Travel,Travel & Local,D+M Group,,3.8,341,6.1,"10,000",
Goa Travel Guide Tourism Maps,Travel & Local,Happytrips.com - Times Internet Limited,Contains Ads¬∑Offers in-app purchases,4.0,106,,"10,000",
Spain Travel Guide,Travel & Local,Triposo,Contains Ads¬∑Offers in-app purchases,4.4,217,70,"10,000",
Morocco Travel Guide,Travel & Local,tripwolf,Contains Ads¬∑Offers in-app purchases,4.2,20,86,"5,000",
Hotels.com: Book Hotel Rooms & Find Vacation Deals,Travel & Local,Hotels.com LP,,4.5,"259,720",,"10,000,000",
Travel Guide YUC,Travel & Local,CORPORATIVO TURISTICO DEL S. DE R.L. DE C.V.,,4.4,121,,"5,000",
The Traveler: A Travel Journal,Travel & Local,14Eleven Development LLC,Offers in-app purchases,4.0,520,,"100,000",
Travel Alaska,Travel & Local,State of Alaska,Contains Ads,4.1,81,9.6,"10,000",
Seychelles Travel Guide,Travel & Local,Seychelles Tourism Board,,4.5,53,56,"10,000",
Travel Midwest,Travel & Local,Gateway Traveler Information System,,3.6,53,,"10,000",
London Travel Guide (City map),Travel & Local,MyCityHighlight AG,Contains Ads,4.4,43,20,"10,000",
AIG Travel Assistance,Travel & Local,"American International Group, Inc.",,2.7,41,5.0,"10,000",
Istanbul Travel Guide,Travel & Local,Triposo,Contains Ads¬∑Offers in-app purchases,4.3,325,70,"50,000",
Travel Iceland Guide,Travel & Local,Scandinavian Travel Services,Contains Ads,4.2,148,18,"50,000",
HotelCoupons.com Travel App,Travel & Local,"Travel Media Group, LLC",,4.3,64,6.0,"10,000",
Marrakesh Travel Guide,Travel & Local,tripwolf,Contains Ads¬∑Offers in-app purchases,4.1,17,86,"1,000",
myTrip - Travel Organizer,Travel & Local,myTrip,Contains Ads¬∑Offers in-app purchases,3.9,907,3.0,"100,000",
üèñ Pointers Travel - Personal Travel Guide,Travel & Local,"Pointers Travel | Discover, travel, live!",,4.4,199,10,"10,000",
Karpathos Travel Guide,Travel & Local,Phileas Fogg Tourist Guides ltd,,4.8,328,23,"10,000",
London Travel Guide,Travel & Local,Ulmon GmbH,Contains Ads,4.4,"2,553",58,"100,000",
India Travel Guide by Triposo,Travel & Local,Triposo,Contains Ads¬∑Offers in-app purchases,4.3,471,70,"10,000",
Australia- Travel & Explore,Travel & Local,Edutainment Ventures- Making Games People Play,Contains Ads¬∑Offers in-app purchases,3.5,39,35,"10,000",
tripwolf - Travel Guide & Map,Travel & Local,tripwolf,Contains Ads¬∑Offers in-app purchases,4.0,"6,770",88,"500,000",
Visa Travel Tools,Travel & Local,Visa Europe,,3.3,557,10,"100,000",
Travel Visa Checker,Travel & Local,Zhang Qichuan,Contains Ads,3.7,334,4.5,"10,000",
New York Pass - Travel Guide,Travel & Local,Leisure Pass Group,,4.0,"1,530",21,"500,000",
Paris Travel - Pangea Guides,Travel & Local,Application Nexus,Contains Ads,4.4,18,14,"5,000",
serko.travel,Travel & Local,Serko Limited,,4.3,16,44,"1,000",
TripLived: Travel Diary | Discover Trips,Travel & Local,Triplived,,4.6,272,23,"10,000",
Bangkok Travel Guide,Travel & Local,OutWays,Contains Ads,4.3,16,32,"10,000",
Traverous - Your Travel Journal & Assistant,Travel & Local,Rowburst,,4.9,67,15,"1,000",
Belgium Travel Guide,Travel & Local,Triposo,Contains Ads¬∑Offers in-app purchases,4.3,152,70,"10,000",
Australia Travel Guide,Travel & Local,tripwolf,Contains Ads¬∑Offers in-app purchases,3.9,50,86,"10,000",
Brussels Travel Guide,Travel & Local,tripwolf,Contains Ads¬∑Offers in-app purchases,3.6,19,86,"10,000",
trip n howl- Travel Social App | Plan Trips,Travel & Local,Bizydale Nets,,4.1,91,22,"5,000",
Japan Travel Guide,Travel & Local,Ê†™Âºè‰ºöÁ§æÊò≠ÊñáÁ§æ,Contains Ads,4.1,"2,244",17,"100,000",
Ireland Travel Guide,Travel & Local,Triposo,Contains Ads¬∑Offers in-app purchases,4.2,217,70,"50,000",
Sweden Travel Guide by Triposo,Travel & Local,Triposo,Contains Ads¬∑Offers in-app purchases,4.3,47,70,"10,000",
Withlocals - Personal Tours & Travel Experiences,Travel & Local,Withlocals B.V.,,4.3,372,,"10,000",
Bupa Global Travel myCard,Travel & Local,Bupa Global Travel,,3.6,72,34,"10,000",
Italy Travel Guide by Triposo,Travel & Local,Triposo,Contains Ads¬∑Offers in-app purchases,4.3,193,70,"10,000",
XE Travel,Travel & Local,XE.com Inc.,Contains Ads,4.8,16,4.6,"5,000",
Travel Visa Information,Travel & Local,shaidiuk,Contains Ads,4.2,70,4.9,"10,000",
"CheapTickets ‚Äì Hotels, Flights & Travel Deals",Travel & Local,cheaptickets.com,,4.4,"6,918",,"1,000,000",
Cambodia Travel Guide,Travel & Local,Triposo,Contains Ads¬∑Offers in-app purchases,4.4,190,70,"10,000",
Laos Travel Guide by Triposo,Travel & Local,Triposo,Contains Ads¬∑Offers in-app purchases,4.4,88,70,"10,000",
App in the Air - Travel planner & Flight tracker,Travel & Local,"App in the Air, Inc.",Offers in-app purchases,4.3,"2,820",,"100,000",
Latvia Travel Guide by Triposo,Travel & Local,Triposo,Contains Ads¬∑Offers in-app purchases,3.9,16,70,"5,000",
House of Travel,Travel & Local,House of Travel,,3.7,216,9.3,"10,000",
Trip Planner India - VisitIn The Travel App,Travel & Local,VisitIn,,4.5,288,4.6,"10,000",
Budapest Travel Guide,Travel & Local,Triposo,Contains Ads¬∑Offers in-app purchases,4.4,305,70,"100,000",
Roadtrippers - Trip Planner,Travel & Local,Roadtrippers,Contains Ads¬∑Offers in-app purchases,3.7,"4,094",,"500,000",
"Lighthouse, Bulgaria Travel, attractions & more",Travel & Local,Applighthouse,,4.7,47,7.9,"5,000",
New Zealand Travel Guide,Travel & Local,Triposo,Contains Ads¬∑Offers in-app purchases,4.4,187,70,"50,000",
ND Roads (North Dakota Travel),Travel & Local,North Dakota Dept. of Transportation,,4.1,305,2.1,"50,000",
‚úà Thailand Travel Guide Offline,Travel & Local,Benstar Ltd,Contains Ads¬∑Offers in-app purchases,4.1,221,25,"10,000",
FlixBus - Smart bus travel,Travel & Local,FlixMobility GmbH,,4.1,"36,721",,"5,000,000",
Opal Travel,Travel & Local,Transport for NSW,,3.2,"2,313",33,"500,000",
‚úà Great Britain Travel Guide Offline,Travel & Local,Benstar Ltd,Contains Ads¬∑Offers in-app purchases,4.1,228,31,"10,000",
"JauntFix- Social Travel App for Traveler, Supplier",Travel & Local,WAT Consulting Services Pvt Ltd,,4.6,36,17,"1,000",
TripMyWay: India Travel Guide,Travel & Local,IthakaTales Pvt. Ltd.,,4.4,155,11,"10,000",
"Service: travel happy, save money",Travel & Local,"Service Technologies, Inc.",,2.7,59,18,"10,000",
HolidayIQ Hotels Travel Review,Travel & Local,HolidayIQ India,,4.3,"29,814",,"1,000,000",
A keepsake video made of travel pix by your group,Travel & Local,PhotoVision,,3.6,7,12,"1,000",
Greece Travel Guide by Triposo,Travel & Local,Triposo,Contains Ads¬∑Offers in-app purchases,4.3,76,70,"10,000",
Amsterdam Travel Guide,Travel & Local,Ulmon GmbH,Contains Ads,4.4,"1,162",58,"100,000",
"Travel Republic, Holiday Hotel",Travel & Local,dnata World Travel,,4.4,"1,571",,"100,000",
Vienna Travel Guide,Travel & Local,Ulmon GmbH,Contains Ads,4.5,"1,470",58,"100,000",
Travel Map,Travel & Local,Andri Soft,Contains Ads,3.8,39,3.4,"10,000",
Madrid Travel Guide,Travel & Local,Ulmon GmbH,Contains Ads,4.6,192,58,"10,000",
Europe Travel Guide Offline,Travel & Local,"Tom's Apps, LLC",,3.9,123,12,"10,000",
Go To Rio: Rio de Janeiro City Travel Guide & Maps,Travel & Local,Go To Travel Guides,,4.3,41,36,"10,000",
Paris Travel Guide (City Map),Travel & Local,MyCityHighlight AG,Contains Ads,4.3,43,20,"10,000",
dnata Travel Holidays & Hotels,Travel & Local,dnata World Travel,,4.5,383,17,"50,000",
Hong Kong Travel Guide,Travel & Local,Ulmon GmbH,Contains Ads,4.4,301,58,"50,000",
TripActions - Business Travel,Travel & Local,Tripactions,,4.6,20,29,"5,000",
AdventureAlly Travel Tools,Travel & Local,AdventureAlly,,3.4,24,18,"10,000",
Avis Travel Guide & Tours,Travel & Local,"TourPal - Audio Tours, Travel Guide , Offline Maps",Offers in-app purchases,3.2,14,14,"5,000",
TravelTriangle - Holiday Travel & Tour Packages,Travel & Local,Holiday Triangle Travel Pvt Ltd,,4.2,"4,672",7.6,"500,000",
Lake Como Travel Guide App,Travel & Local,Misultin Digital Communication,,4.4,40,24,"5,000",
Luxury Escapes Travel,Travel & Local,Luxury Escapes Mag,,4.1,46,2.3,"10,000",
Best Trip - Travel Guide,Travel & Local,Global New Wave Technology,Contains Ads,4.5,105,6.4,"5,000",
Mexico Travel Guide by Triposo,Travel & Local,Triposo,Contains Ads¬∑Offers in-app purchases,4.1,62,70,"10,000",
Travel - Currency Converter,Travel & Local,e6bapps,Contains Ads¬∑Offers in-app purchases,4.5,586,16,"100,000",
‚úà Greece Travel Guide Offline,Travel & Local,Benstar Ltd,Contains Ads¬∑Offers in-app purchases,3.9,168,26,"10,000",
"Lisbon Travel Guide - City Map, top Highlights",Travel & Local,MyCityHighlight AG,Contains Ads,4.6,40,21,"10,000",
Amadeus e-Travel Management,Travel & Local,Amadeus IT Group SA,,3.4,258,9.8,"50,000",
Travel Coupons,Travel & Local,TravelCoupons.com,,4.1,58,4.3,"10,000",
BBH Travel NZ,Travel & Local,GeoZone,,3.8,57,25,"5,000",
Beijing Travel Guide,Travel & Local,Triposo,Contains Ads¬∑Offers in-app purchases,4.2,48,70,"10,000",
Visit Portugal Travel Guide,Travel & Local,DeveloperTP,,3.8,339,10,"50,000",
Lola Travel,Travel & Local,Lola Travel Company,,4.6,95,28,"10,000",
VR Travel - Virtual Reality,Travel & Local,Yue Chen,,3.2,19,35,"10,000",
TripOpt - Smart Travel App,Travel & Local,TripOpt,,4.9,239,57,"5,000",
"GoEuro: trains, buses, flights",Travel & Local,GoEuro,,4.5,"50,752",9.7,"5,000,000",
Istanbul Travel Guide,Travel & Local,Ulmon GmbH,Contains Ads,4.5,139,58,"10,000",
Majorca Maps Travel Guide,Travel & Local,Mallorca Maps,Contains Ads,3.9,217,4.5,"10,000",
Goa Travel Guide,Travel & Local,Application Nexus,Contains Ads,3.9,143,13,"10,000",
‚úà Montenegro Travel Guide Offline,Travel & Local,Benstar Ltd,Contains Ads¬∑Offers in-app purchases,3.8,48,24,"5,000",
Travel Calculator,Travel & Local,YITEBEN ÊòìÁâπÂ•î,Contains Ads,4.7,153,28,"50,000",
Trodly Activities - Book Tours & Plan Your Travel,Travel & Local,Trodly,,4.5,67,16,"1,000",
Mark O'Travel: Where I've Been,Travel & Local,Sergei Radetel,Offers in-app purchases,3.0,69,6.0,"10,000",
Oway Travel - Flights & Tours,Travel & Local,Oway Company Limited,,4.7,447,33,"50,000",
Scotland's Best: Trip Ideas & Travel Guide,Travel & Local,Touch Screen Travels,Contains Ads¬∑Offers in-app purchases,4.9,21,86,"10,000",
PackitUp - Find travel buddies,Travel & Local,PackitUp IVS,,4.1,23,17,"1,000",
Pinakin - Travel Audio Guide App,Travel & Local,Aseuro Technologies Private Limited,Contains Ads,4.4,400,4.8,"10,000",
CalRoadReport Travel & Traffic,Travel & Local,jcFreewood,Contains Ads,4.1,299,4.1,"50,000",
Cologne Travel Guide (City map),Travel & Local,MyCityHighlight AG,,4.4,31,20,"10,000",
Halal Travel. Muslim tourism.,Travel & Local,IT-Effect Limited Liability Company,,4.8,98,1.9,"5,000",
TourPal Travel Guide & Tours,Travel & Local,"TourPal - Audio Tours, Travel Guide , Offline Maps",Contains Ads¬∑Offers in-app purchases,3.6,"3,596",17,"500,000",
Japan Travel Guide for tourist,Travel & Local,"NTT ADVERTISING,INC.",,3.7,164,41,"100,000",
Guangzhou Travel Guide,Travel & Local,Application Nexus,Contains Ads,3.7,41,14,"10,000",
Stockholm Travel Guide Triposo,Travel & Local,Triposo,Contains Ads¬∑Offers in-app purchases,4.1,103,70,"10,000",
Highway Help India Road Travel,Travel & Local,WildTrails Technologies,,4.5,122,5.1,"10,000",
Essential New Zealand Travel,Travel & Local,Tourism New Zealand,,4.3,717,42,"100,000",
